序号,文章名,发布时间,URL
439,微信公众号在失去活人感,2026-03-28,https://mp.weixin.qq.com/s/EUWvDau_UEofjtC4WChf_g
438,伊朗已占据谈判优势地位,2026-03-27,https://mp.weixin.qq.com/s/n2wkPplYXGv_tis8Ut_vFQ
437,拟入驻其他社交媒体平台的声明,2026-03-27,https://mp.weixin.qq.com/s/goAl7aoDhUbyO3wu_CdSVg
436,川普15点停战方案的真实含义,2026-03-25,https://mp.weixin.qq.com/s/MTmZe_q0TeLzQyZUgZUGNg
435,小哈梅内伊展示强硬立场,2026-03-24,https://mp.weixin.qq.com/s/shv45-ShQdWLBLtL0KocAA
434,一个伊朗，各自表述,2026-03-24,https://mp.weixin.qq.com/s/u2eqXcva1U5o07OQhMxZuA
432,川普的信用，只有五分钟,2026-03-23,https://mp.weixin.qq.com/s/tmCUMfS2cjqbSoJYP12RNQ
431,黎明前的黑暗，还是，黑暗前的黎明,2026-03-23,https://mp.weixin.qq.com/s/7EqAiH-vvJu7wMgm6mIKPw
430,美伊战争可能的走向,2026-03-21,https://mp.weixin.qq.com/s/uMjVPaGwlNOt2eTBBLpRrQ
429,不远万里去夺岛,2026-03-20,https://mp.weixin.qq.com/s/U2Fy3xbtJQY3NrQrU9hntw
428,以色列利库德集团与德国纳粹的关系,2026-03-19,https://mp.weixin.qq.com/s/87d86aaOPEFhW0zeKOBGOQ
427,受害者为什么会变成加害者，旁观者为什么会认同加害者,2026-03-19,https://mp.weixin.qq.com/s/M87NngNExwdzCAOCn4fODg
426,以色列说出了纳粹德国的言论,2026-03-18,https://mp.weixin.qq.com/s/tTpKd5Xs6qdD44JRb-LdIw
425,世界处于一个巨大的赌局之中,2026-03-18,https://mp.weixin.qq.com/s/f-5O0RjlakEpxiXQXFQHAg
424,山雨欲来，风满楼,2026-03-17,https://mp.weixin.qq.com/s/TG0YRLe6qVtt-bhjlGd1Xw
423,开战容易，停战难,2026-03-16,https://mp.weixin.qq.com/s/9GJQUt75et-dCfJJ5yJIAQ
422,哈尔克岛是伊朗的红线,2026-03-14,https://mp.weixin.qq.com/s/z-FZZAppaPoit9d_00UCeA
421,知识分层与AI记忆模式的建立,2026-03-13,https://mp.weixin.qq.com/s/UACdTz9XdvosqXunusxSnQ
420,小哈梅内伊最核心的三句话,2026-03-12,https://mp.weixin.qq.com/s/krBu8RoTlTw9iClqqRje7Q
419,美伊战争的走向,2026-03-12,https://mp.weixin.qq.com/s/llPsbFi5PB5wHljkhXC-EA
418,AI作为分析工具的强项和弱点,2026-03-11,https://mp.weixin.qq.com/s/lX3mhNxFE2FU65DuQZT1Dw
417,川普真会TACO吗？,2026-03-10,https://mp.weixin.qq.com/s/T8eyd1bTQ808MbowzuHCzw
416,Claude Opus 4.6的强悍实力,2026-03-09,https://mp.weixin.qq.com/s/oCWHEjV74MbW0ZJ1xmYa0g
415,川普没有讲“适时结束对伊军事行动”,2026-03-09,https://mp.weixin.qq.com/s/-5nDudSQhEet3nepxuxGeA
414,慕峰：提高农民养老金的迫切性和现实路径,2026-03-08,https://mp.weixin.qq.com/s/ZLTZyfON-W3wFz6_jLJT7Q
413,AI Memory设置的进一步分析,2026-03-07,https://mp.weixin.qq.com/s/M-63N-hLMbdJRtNKU7FIzg
412,如何发挥AI的最大效能,2026-03-06,https://mp.weixin.qq.com/s/XKl8anoFeS96p3Hbea_4Wg
411,AI对经济发展的影响——在经济运行走势座谈会上的发言,2026-03-05,https://mp.weixin.qq.com/s/sOKIXAmxZzIYfhBAUhZ_tg
410,AI的扩散速度与方式,2026-03-03,https://mp.weixin.qq.com/s/U1-NeYG6g23A-H64ClVxmg
409,AI对社科研究的助力——以基金会研究为例,2026-03-01,https://mp.weixin.qq.com/s/kdtQ3PUl7Jk3pH8KpTz6Dg
408,AI对社科研究的助力——以基金会研究为例,2026-02-28,https://mp.weixin.qq.com/s/Z18Mt12cMCAT2CvzPAbmbg
407,天幕,2026-02-27,https://mp.weixin.qq.com/s/BI3KFleNU-Kt9Ry4kDnMeA
406,如何利用AI提升认知水平,2026-02-26,https://mp.weixin.qq.com/s/sVoOYsXPYG8mOx4oP2wuvQ
405,AI革命与历次技术革命对就业影响的不同之处,2026-02-25,https://mp.weixin.qq.com/s/VxS1MXJMeTJVjnWGPnA5tw
404,破坏式创造与失业式增长,2026-02-24,https://mp.weixin.qq.com/s/9oVs3nQWM2S-nJj2uv7EbQ
403,缓冲层,2026-02-20,https://mp.weixin.qq.com/s/Y9BOMsc-QUrSZ8j3vsh7VQ
402,十周年记,2026-02-15,https://mp.weixin.qq.com/s/J7EaMteIy0eSz8KNdx8qHA
401,AI时代对教育的冲击,2026-02-12,https://mp.weixin.qq.com/s/Ib5TzVzw_qKFWAJ_Uq6x3Q
400,社科研究的AI时代,2026-02-11,https://mp.weixin.qq.com/s/dfE2H9wfx5BEbde8OucuOw
399,领先的即梦与Kimi,2026-02-09,https://mp.weixin.qq.com/s/Pzzk1Zi0Fv4XysfSWjLdGA
398,G2的AI差距正在扩大,2026-02-04,https://mp.weixin.qq.com/s/vwVDgWcEymcBEvxXvxcC2g
397,100亿红包也换不回元宝的未来,2026-02-02,https://mp.weixin.qq.com/s/VYV7lF1nLS-eGVrUk_oHxw
396,社交媒体、极化言论与民粹主义,2026-01-24,https://mp.weixin.qq.com/s/22ul6_iRGOGh-kN8TTkVPA
395,持牌媒体最好与猎奇网络舆论保持足够的距离,2026-01-22,https://mp.weixin.qq.com/s/i6yPr1mrLdaleS1jdR9L6g
394,网络舆论与反噬,2026-01-20,https://mp.weixin.qq.com/s/ElvOc15ynmIkVrXaASPCjg
393,为什么需要大幅提高农民养老金水平,2026-01-16,https://mp.weixin.qq.com/s/0lnCSToet0M4q8srQbxbJQ
392,如何“投资于人”,2026-01-01,http://mp.weixin.qq.com/s?__biz=MzI0ODE5NDU5Mw==&mid=2649551447&idx=1&sn=41566d92bd5aab13df2c520efcfe90a9&chksm=f0912596a2e75e27830d85390f604aa2cb9c1d9fbe445d02efccc78b505e8113509c8a39a8e4&scene=21#wechat_redirect
391,平凡的2025年,2025-12-28,http://mp.weixin.qq.com/s?__biz=MzI0ODE5NDU5Mw==&mid=2649551442&idx=1&sn=91c8f51a963dbd203bde5ffa67f22ada&chksm=f0ab67d4f80f7b3020be62bdd4e06077c3b8286beb4c291ab35cefaef04dce8dc56c7f9196d3&scene=21#wechat_redirect
390,不是皇汉，不是悼明，而是对自身历史的追寻,2025-12-16,http://mp.weixin.qq.com/s?__biz=MzI0ODE5NDU5Mw==&mid=2649551436&idx=1&sn=22175af7875400eca4f37863eca83862&chksm=f0302fd535dd7ed6fe4b57f7ac16a61c2d9ed9413d889187f102307db7874e5db6d3008cda8c&scene=21#wechat_redirect
389,当扩大内需成为战略之举,2025-12-15,http://mp.weixin.qq.com/s?__biz=MzI0ODE5NDU5Mw==&mid=2649551431&idx=1&sn=5665a28e73a86d1ea35d21e0bd556ac9&chksm=f0d2205c0a94008c83473d5314757f3a1bffa12288052fab7d39246c1a2541568e72ddeabd18&scene=21#wechat_redirect
388,K型复苏与宏大叙事,2025-12-05,http://mp.weixin.qq.com/s?__biz=MzI0ODE5NDU5Mw==&mid=2649551426&idx=1&sn=e30f006512e66fc01c865fb3f9bc0113&chksm=f0a2427ff8ff2e117a798245625b5e68b969ae06427bd7122a3a60ba7051aa49f5f9cb67f361&scene=21#wechat_redirect
387,日本门阀的传承——婿养子制度,2025-11-27,http://mp.weixin.qq.com/s?__biz=MzI0ODE5NDU5Mw==&mid=2649551416&idx=1&sn=e8b31ff62a9cfd1ed9a058a18e4fa981&chksm=f083c4f29efa87aa0f78c5351fd938a55f32719d0fc0c7bcd06280b2563403548f6f2c5cf198&scene=21#wechat_redirect
386,高市早苗的真实意图,2025-11-20,http://mp.weixin.qq.com/s?__biz=MzI0ODE5NDU5Mw==&mid=2649551409&idx=1&sn=2af5e07a8a5e286d44f086dab6dded87&chksm=f02434580330074a5239c035d2a3e82b5114656bb3cabbeed9acfe0ce73c19bead0c09003e24&scene=21#wechat_redirect
385,经济学者许教授的幻觉,2025-11-06,http://mp.weixin.qq.com/s?__biz=MzI0ODE5NDU5Mw==&mid=2649551401&idx=1&sn=a857c32e6f277690d1481e5e7069db16&chksm=f046e545033267c3d52dcd39d4c781023c17f1cc7ec593c010eb352a2d9da031c94b68c98f10&scene=21#wechat_redirect
384,谈完了，经济核威慑建立起来了,2025-10-30,http://mp.weixin.qq.com/s?__biz=MzI0ODE5NDU5Mw==&mid=2649551396&idx=1&sn=c406dedd1cd63fefdb1ed989e973905d&chksm=f0e671a1b7e36f1b3a2977c3f44ff7e5bbe9abfda761f04446570ba89804f28671b3fb3cb3b5&scene=21#wechat_redirect
383,中美的出口管制差异及误判风险,2025-10-17,http://mp.weixin.qq.com/s?__biz=MzI0ODE5NDU5Mw==&mid=2649551391&idx=1&sn=de5c89f917de4db86d3a2e7d72df3b63&chksm=f0aa2589ee28563ee9abf0199e07eba29402aedbe8335dd219993cf955643412c25d5d9ccf4d&scene=21#wechat_redirect
382,非对称博弈——中国大陆稀土出口管制的真正影响,2025-10-14,http://mp.weixin.qq.com/s?__biz=MzI0ODE5NDU5Mw==&mid=2649551385&idx=1&sn=3c7c5b191247f66c575a0ccd10ba2bc6&chksm=f0a2c06aefe729eec64a7c60a51af0acd998bd36974da1a3cbc056d34765501af15b7ec72bda&scene=21#wechat_redirect
381,驽马十驾，功在不舍——关于促消费问题的座谈发言,2025-10-13,http://mp.weixin.qq.com/s?__biz=MzI0ODE5NDU5Mw==&mid=2649551381&idx=1&sn=c3b1a46988ad6ae17920c8f10e7dcbe8&chksm=f06808012c059a7b0f2ff34e39c1c50258cf2e01847553b69638bff50052a2b9f4c6913f39c6&scene=21#wechat_redirect
380,《三国的星空》有哪些硬伤,2025-10-10,http://mp.weixin.qq.com/s?__biz=MzI0ODE5NDU5Mw==&mid=2649551377&idx=1&sn=d07fb74cc307794cf8986d36bb6d4d8d&chksm=f03d675898f8faec4a5c810c25de3a05f6bd7ff33b2a5b1073f8a3c582d17ddba3d4c8d1a700&scene=21#wechat_redirect
379,聊聊张雪峰,2025-09-25,http://mp.weixin.qq.com/s?__biz=MzI0ODE5NDU5Mw==&mid=2649551369&idx=1&sn=8d99c8f961b961a5b309bccc513685be&chksm=f049e0cb0dfdd24581604dd06f72bb1fdb2768492a3441efe5dbea1c9d0afc6158fc2ab558ff&scene=21#wechat_redirect
378,预制菜巨头该开始切割了,2025-09-23,http://mp.weixin.qq.com/s?__biz=MzI0ODE5NDU5Mw==&mid=2649551363&idx=1&sn=86113f5366be68eb7952d8a7f937a116&chksm=f098b73ab0c6b78f3526742891676d2df2dbfa47f756b0685ec111d67887c95d8e01ce5d6d79&scene=21#wechat_redirect
377,AI短视频正在打败人类主播,2025-09-19,http://mp.weixin.qq.com/s?__biz=MzI0ODE5NDU5Mw==&mid=2649551358&idx=1&sn=f8350b97a0053868094edf04224413ac&chksm=f0b7e578c480da26350f1c5fae8176c1ef4e9008b828d4c95153454d3b1302f02977670080c9&scene=21#wechat_redirect
376,预制连锁餐饮没有未来,2025-09-15,http://mp.weixin.qq.com/s?__biz=MzI0ODE5NDU5Mw==&mid=2649551353&idx=1&sn=ed4a9576e1408a23ad93b3a7e4fb20d6&chksm=f093ba68460c22d54242b6ec51be74339047cfb02656d79373cc6c75e4bb173ffcc55de1b36f&scene=21#wechat_redirect
375,抚慰凡人心的是烟火气，而不是机气,2025-09-14,http://mp.weixin.qq.com/s?__biz=MzI0ODE5NDU5Mw==&mid=2649551349&idx=1&sn=c6bc1a756995ecf61d0a85968a56a0f2&chksm=f062f6d1fd8c3d55aff74ce07a52215451d4d97d1c876b775f7b5253a22fcd96ffad13e6d039&scene=21#wechat_redirect
374,兴趣是最好的老师,2025-09-10,http://mp.weixin.qq.com/s?__biz=MzI0ODE5NDU5Mw==&mid=2649551344&idx=1&sn=65d27e198d81866f395e90ce278ff642&chksm=f05ad10d3cb3eb8009f2a926efd9991869c155d27307bbd2562049bb2bc70efab6f0f0d19046&scene=21#wechat_redirect
373,没有教育，只有选拔,2025-09-09,http://mp.weixin.qq.com/s?__biz=MzI0ODE5NDU5Mw==&mid=2649551339&idx=1&sn=0d7b710e91377f5e68170209c4127617&chksm=f0dea1b82f9e0bcf68a6ceb5408a2dadc7a365660b5bae8952f3c50350c4c6044383d7dfcb74&scene=21#wechat_redirect
372,抗战的民间记忆,2025-08-15,http://mp.weixin.qq.com/s?__biz=MzI0ODE5NDU5Mw==&mid=2649551334&idx=1&sn=bc2535da4291f6e732867a8e005d6eaf&chksm=f091390e49c4ffb028a82d020a397fbff10507a3e5fc9c5a8b1437525afc2217f2be85d0e67b&scene=21#wechat_redirect
371,经济学者可以有不同的观点，但起码要对得住自己的良心,2025-08-09,http://mp.weixin.qq.com/s?__biz=MzI0ODE5NDU5Mw==&mid=2649551329&idx=1&sn=af031999696638d1eab298b397049fe4&chksm=f02f5073c049189cd57b1332b5d2555565dfc139c6d2dcf57903caca390072b1e2952d0f4bac&scene=21#wechat_redirect
370,生育补贴够吗？,2025-07-31,http://mp.weixin.qq.com/s?__biz=MzI0ODE5NDU5Mw==&mid=2649551324&idx=1&sn=a9a7b8b8c8f52e3747bbe535af5fee51&chksm=f0c0da9711c9e49bb4686c2a285f729931fefcfa56b0aeb6410bb12ad5519232ae71d8da5439&scene=21#wechat_redirect
369,你说懂车帝不行，那你上,2025-07-25,http://mp.weixin.qq.com/s?__biz=MzI0ODE5NDU5Mw==&mid=2649551319&idx=1&sn=58e30d1cc296017f4766f6770c3bbde7&chksm=f0fc59b30bd47d2e28215e0a0ad729a9229cd1e887998d4d72a3b354290597b17f4ba227402f&scene=21#wechat_redirect
368,需求的相对不足与绝对不足,2025-07-14,http://mp.weixin.qq.com/s?__biz=MzI0ODE5NDU5Mw==&mid=2649551313&idx=1&sn=f3fe1c71b744eefb32099e12fb2a39e6&chksm=f0433d1d78d47703b9671b5b342ce21ff48a4570fe61deb78c8d2b5381e0ef667ceabb3d7850&scene=21#wechat_redirect
367,央媒应当谨慎对待地方调查结论,2025-07-09,http://mp.weixin.qq.com/s?__biz=MzI0ODE5NDU5Mw==&mid=2649551308&idx=1&sn=0a4c3a4f4548d77a97e7777dac2c7c30&chksm=f05cb81a5c413539a2a0d72b4ffb7778b4bcde8e02d37f56d45fa1c8336951791048e8fcb195&scene=21#wechat_redirect
366,补贴供给还是补贴需求,2025-07-07,http://mp.weixin.qq.com/s?__biz=MzI0ODE5NDU5Mw==&mid=2649551303&idx=1&sn=cd4b9e30fa12de9c1dfed805f9dcd8b4&chksm=f01795ccfad1720cf52a8a0d2c22827f76cdd3711cf670781e8d6ae19e847c055ee7cb6a21bf&scene=21#wechat_redirect
365,下一代的就业环境及其选择,2025-06-20,http://mp.weixin.qq.com/s?__biz=MzI0ODE5NDU5Mw==&mid=2649551298&idx=1&sn=090fecfd50564c5240e96bfbfd5c5a08&chksm=f010cbe0e8c16212a72165d444e55ab1d1ecb37a23652d66364b53b1cc2cf0157b3f0d2d68cc&scene=21#wechat_redirect
364,从美债、稳定币到关税战、内需,2025-05-24,http://mp.weixin.qq.com/s?__biz=MzI0ODE5NDU5Mw==&mid=2649551282&idx=1&sn=364b0482f4bd0f3b184de5ada566ba68&chksm=f0b0982e2f203aa7c0a186c0cf9e64b9ff4a103add0ac198927d3c92d55dd54139112d385690&scene=21#wechat_redirect
363,简评BIS限制华为昇腾的禁令,2025-05-14,http://mp.weixin.qq.com/s?__biz=MzI0ODE5NDU5Mw==&mid=2649551276&idx=1&sn=c02d7a63b3f0a70eee3a281700781b5b&chksm=f0c191819c43ebb909f22550b7a56d8e149a97dc6b839ccf880c1ad5f220998569eded993cf9&scene=21#wechat_redirect
362,中国军工产业将加速改变全球地缘政治格局,2025-05-10,http://mp.weixin.qq.com/s?__biz=MzI0ODE5NDU5Mw==&mid=2649551271&idx=1&sn=f5568c557502d3be833f59c4cc6f8279&chksm=f0706dd5b71703c9a826b39ae5f248f96a039ee34c56e6265e6b4b57abdabfc8e8536143b13e&scene=21#wechat_redirect
361,为什么说川普的智囊开错了药方,2025-04-22,http://mp.weixin.qq.com/s?__biz=MzI0ODE5NDU5Mw==&mid=2649551256&idx=1&sn=5c1c5fe92dd745fe72b0e6292e06c351&chksm=f0c41cd3fab0c9072305e1701b20a79d60c3d06a3fc388947b897a899dc6ed051588f107ebbc&scene=21#wechat_redirect
360,天下苦美团久矣,2025-04-21,http://mp.weixin.qq.com/s?__biz=MzI0ODE5NDU5Mw==&mid=2649551250&idx=1&sn=412c6dd8614e59af61164dcb3b124831&chksm=f0823c4bbb26eff4023d0350bece308fa4f44d6183538d67a5ba028a94bbc6df8f9cc3929692&scene=21#wechat_redirect
359,一言以兴邦，一言以丧邦,2025-04-19,http://mp.weixin.qq.com/s?__biz=MzI0ODE5NDU5Mw==&mid=2649551244&idx=1&sn=47f4142a2d1fb0d8b5b9d2252b1e0f78&chksm=f0730002fb62f47138dd67065c2f2f4006200887608eaef91c0469baec71cd8db8597a9ff0b8&scene=21#wechat_redirect
358,美国为什么又提中概股退市,2025-04-18,http://mp.weixin.qq.com/s?__biz=MzI0ODE5NDU5Mw==&mid=2649551239&idx=1&sn=38c9494c3fec7ae3c31d9f892a2c96f0&chksm=f0aca0ddd6ab72ea5f028f061961b0913234f3c384e2de37edcd335e1b73802dc49a2f21e4d3&scene=21#wechat_redirect
357,川普经济政策的内在矛盾,2025-04-12,http://mp.weixin.qq.com/s?__biz=MzI0ODE5NDU5Mw==&mid=2649551233&idx=1&sn=8907607c6521fe41d4dff858e2e596c8&chksm=f0285b9959cf99c7ab30349ef2d3103eb2bb917063dca589895637450aeb57f35f20cfa9df5f&scene=21#wechat_redirect
356,川普关税与输出通缩,2025-04-11,http://mp.weixin.qq.com/s?__biz=MzI0ODE5NDU5Mw==&mid=2649551229&idx=1&sn=aa215b04b16b54ccb938846539cd8675&chksm=f0565ecc9e0573989a1190be48a3af97da3ef6a8f329dd41c71bf46fec8b029ba4b46e263278&scene=21#wechat_redirect
355,金本位的幽灵——川普关税的莱特希泽方案,2025-04-07,http://mp.weixin.qq.com/s?__biz=MzI0ODE5NDU5Mw==&mid=2649551218&idx=1&sn=7b10930f0460f769dcb5f1def0e81cf8&chksm=f0d2be3d3532bc0e75f8a228033b3adea7adbc6adffcdd6c477e3e5747a155ce87a925b529c9&scene=21#wechat_redirect
354,川普的关税，大家的问题,2025-04-03,http://mp.weixin.qq.com/s?__biz=MzI0ODE5NDU5Mw==&mid=2649551212&idx=1&sn=9620f8267fc18e41758ff146b875b015&chksm=f0828c5d9b117cde8282ff2d7456118448002e60a6f0ce97c2316f7fcbd8cc63dd8e54014a55&scene=21#wechat_redirect
353,不要让技术进步为低劣的价值观买单,2025-04-02,http://mp.weixin.qq.com/s?__biz=MzI0ODE5NDU5Mw==&mid=2649551207&idx=1&sn=42a0772d115df3c3d2132807a188126f&chksm=f087b66a6e8a1dc423e41f05e12b61718c94620e362a6b436f1dd72300412d1e74c7edc62229&scene=21#wechat_redirect
352,轻信智驾等于放弃生命,2025-04-01,http://mp.weixin.qq.com/s?__biz=MzI0ODE5NDU5Mw==&mid=2649551202&idx=1&sn=299bce7087ee4cc3b04684d71c9b0630&chksm=f07b17861305e7925d98447619884afc563dc3e971eab55ee423004b40d8a733be966bf150f4&scene=21#wechat_redirect
351,以价格同盟应对关税同盟,2025-03-18,http://mp.weixin.qq.com/s?__biz=MzI0ODE5NDU5Mw==&mid=2649551197&idx=1&sn=89ec65b05b08085ff481fad64cd6644c&chksm=f0da33a9960d7bfde30c7ce634233d72ab9283e1b291d5204ec9cba1fad51d076d010d1ca36b&scene=21#wechat_redirect
350,从供给到需求,2025-03-17,http://mp.weixin.qq.com/s?__biz=MzI0ODE5NDU5Mw==&mid=2649551192&idx=1&sn=298a24f2c60f70bfe478c7b71dbdd127&chksm=f034812be7215858497cc9f953665538122f30fa4cf51ac17efc085469c2e9ad43abdf833055&scene=21#wechat_redirect
349,建议北京相关部门治理花粉过敏问题,2025-03-14,http://mp.weixin.qq.com/s?__biz=MzI0ODE5NDU5Mw==&mid=2649551188&idx=1&sn=4529318bf7ad7a937794e2ef1b9af503&chksm=f0cd05edde85adc771a02f6b18c6ae62feff01bec990f582f9801aba294c8ca648c64d41d955&scene=21#wechat_redirect
348,职场反内卷与高中生双休,2025-03-10,http://mp.weixin.qq.com/s?__biz=MzI0ODE5NDU5Mw==&mid=2649551182&idx=1&sn=ad30bd7d494ba93104ccfe25c9f57b36&chksm=f00e9d612e0b99a001112072c9ed252c206dcaffac5c7822d8016a49f6ae8268e30bab10d94f&scene=21#wechat_redirect
347,泽连斯基可没服软,2025-03-05,http://mp.weixin.qq.com/s?__biz=MzI0ODE5NDU5Mw==&mid=2649551176&idx=1&sn=75a727d3080423924a47ddbb920ea5c2&chksm=f0b176cb0d91f6ee44c7a3b5f46023ecac4b87166324c8bc7d08e93a9da0d4797004f7729b9f&scene=21#wechat_redirect
346,川普的阳谋与应对,2025-03-04,http://mp.weixin.qq.com/s?__biz=MzI0ODE5NDU5Mw==&mid=2649551172&idx=1&sn=c2a5234e5d6c39a5ded86465ebe21511&chksm=f0cf75568698f92c42e2776098bf3619b19cf3e3a65941ecd5d38d5b86360e0c1b2673bbf72c&scene=21#wechat_redirect
345,川普的既要又要,2025-03-03,http://mp.weixin.qq.com/s?__biz=MzI0ODE5NDU5Mw==&mid=2649551168&idx=1&sn=a29dc124cc78757392ec06bf8bf00441&chksm=f05cae7719e83e90e079212a54f14c365b227e4252e7b06d5e5537628df4ae4aa7b75c7dd6bc&scene=21#wechat_redirect
344,泽连斯基的选择符合现实逻辑,2025-03-01,http://mp.weixin.qq.com/s?__biz=MzI0ODE5NDU5Mw==&mid=2649551164&idx=1&sn=2446e581419a2ce91ae15398d239fe8f&chksm=f057f431548e642da233838c6c2d1e02a7e5aab24825e0957abc77fa283e4bcfded0b0fa68de&scene=21#wechat_redirect
343,资本还能自由流动吗？,2025-02-25,http://mp.weixin.qq.com/s?__biz=MzI0ODE5NDU5Mw==&mid=2649551159&idx=1&sn=e496baa6307a7e64e4ac285e19ade1a8&chksm=f03cf00d5848e3798989884fa47497cb77a9fa93d7fe921175636d3dc2736252e991b0df9e56&scene=21#wechat_redirect
342,涨的基本逻辑——AI的基建叙事,2025-02-22,http://mp.weixin.qq.com/s?__biz=MzI0ODE5NDU5Mw==&mid=2649551154&idx=1&sn=d3fda0f7398262e82e3e743a62a92806&chksm=f084a95c524a62b312db032b3f8c3be056544fc2e44119cb3db2c4ed58e060b299db603cb0f3&scene=21#wechat_redirect
341,从语言学到AI训练模型,2025-02-14,http://mp.weixin.qq.com/s?__biz=MzI0ODE5NDU5Mw==&mid=2649551150&idx=1&sn=16d3563588e2291c28613887a2e78712&chksm=f048ff5492f9e3c5e06c0f263fe1e06f950cc3386f61e87e310e5e0628bb28a0c2f7deb21f90&scene=21#wechat_redirect
340,开源核弹——AI的公共基础设施化,2025-02-11,http://mp.weixin.qq.com/s?__biz=MzI0ODE5NDU5Mw==&mid=2649551145&idx=1&sn=b0bb77ef6f71ecccf5efa19cc46dbbb5&chksm=f0773afb9da3dd75ef7fd7a16416a6b2defdf8cacc4f0be47b8309dfc4dc8fe9877243a5035b&scene=21#wechat_redirect
339,美国能否限制中国大陆AI继续进步,2025-01-31,http://mp.weixin.qq.com/s?__biz=MzI0ODE5NDU5Mw==&mid=2649551140&idx=1&sn=0fe059159fb0c6a08025b01b1d41cbb0&chksm=f049424a48d725d18aec7cff9aa0c502a1354286932b655ace377eaa89b04e079da5ed4ee998&scene=21#wechat_redirect
338,人有多大胆，地有多大产——如何用Deepseek写长篇小说,2025-01-28,http://mp.weixin.qq.com/s?__biz=MzI0ODE5NDU5Mw==&mid=2649551136&idx=1&sn=863318f4b2610dcb4a4b8043819eae08&chksm=f018982b5384acdc48e5281f56d01f7eac52eb9087a4e69be0df3f60b9adccb454ff8ca7791e&scene=21#wechat_redirect
337,关于仿制药的专业争论应该继续下去,2025-01-27,http://mp.weixin.qq.com/s?__biz=MzI0ODE5NDU5Mw==&mid=2649551131&idx=1&sn=4496123647e6ecda810b190009acc456&chksm=f03054c65109ffb607b9512d29cd03f068297edf62affbcd71367d27311b7da284a9bbe77e98&scene=21#wechat_redirect
336,与君远相知，不道云海深,2025-01-23,http://mp.weixin.qq.com/s?__biz=MzI0ODE5NDU5Mw==&mid=2649551126&idx=1&sn=62bf2dbac264ed075a73afce423059db&chksm=f0957a12d1b40693adc14139ed75b9a282f0c918b1b542fd022548cc28e869951f6a5f315949&scene=21#wechat_redirect
335,为什么总要捎带批评“专家”,2025-01-22,http://mp.weixin.qq.com/s?__biz=MzI0ODE5NDU5Mw==&mid=2649551121&idx=1&sn=49aaaa84e6183ac5dea6d45b4d329b03&chksm=f087443c45bac00dd4cad5e648f212671b4754f231947d735e9cd99d3474f19d621c035d5a0d&scene=21#wechat_redirect
334,川普贸易政策涉及中国大陆的方面,2025-01-21,http://mp.weixin.qq.com/s?__biz=MzI0ODE5NDU5Mw==&mid=2649551117&idx=1&sn=a5b9577ba352f3ccbd996b9478939902&chksm=f0afc0a954e0fcfea9b9ea2034e0861462e7a503c21039cede449ce442a72410a911bc5e899c&scene=21#wechat_redirect
333,星星之火,2025-01-16,http://mp.weixin.qq.com/s?__biz=MzI0ODE5NDU5Mw==&mid=2649551112&idx=1&sn=d73afed97808f76c267ee1ce493e8d3b&chksm=f07a79a0f0f6c10987ba8392d7004b6d8b4a8e1d1fb1cec1cc8417da57de46ee8914ea612591&scene=21#wechat_redirect
332,有的人，见不得中外民间交流,2025-01-15,http://mp.weixin.qq.com/s?__biz=MzI0ODE5NDU5Mw==&mid=2649551095&idx=1&sn=29d8b8a299a4bc28ce12eb9589e997cb&chksm=f0ddc387353dfbd6e836fb5718b7eeb0a6575c210d85177aacabb2fe33d2f3764a79bc40ed19&scene=21#wechat_redirect
331,星光点点，明月浩瀚,2024-12-31,http://mp.weixin.qq.com/s?__biz=MzI0ODE5NDU5Mw==&mid=2649551091&idx=1&sn=15ae378c3214058273542e58c774c9cc&chksm=f0fe58d7f867e29aab13bbee3697a4fb42ff542b4412bb7bbdca22a770b1c314cdca08721585&scene=21#wechat_redirect
330,H1B——川普移民政策的第一战,2024-12-29,http://mp.weixin.qq.com/s?__biz=MzI0ODE5NDU5Mw==&mid=2649551086&idx=1&sn=46a15b1c7a73b08b6a5bab8290947ecc&chksm=f0d1876e4cd77541b6a4bf163fd008fb47cbe4548b0aafad7394761505df480c30307203da2a&scene=21#wechat_redirect
329,未来的G2 之争，将是内需之争,2024-12-26,http://mp.weixin.qq.com/s?__biz=MzI0ODE5NDU5Mw==&mid=2649551081&idx=1&sn=93681360a91f1b7dc1342dac46e8e0fc&chksm=f052a6a33d4a5783f7a993b11d3020f9770d116c07ff354e3cba30e4a7a55991b9f8e2e27dae&scene=21#wechat_redirect
328,川普半导体政策展望,2024-12-25,http://mp.weixin.qq.com/s?__biz=MzI0ODE5NDU5Mw==&mid=2649551077&idx=1&sn=6785ba8e09f473e8f51d10135272a68b&chksm=f087b51ab274913b988565fc0a82761e4a4a7bae5e4030f3449ecc42a33916ec7a5e509e82d7&scene=21#wechat_redirect
327,沉舟侧畔千帆过——关于热点经贸问题的座谈发言,2024-12-24,http://mp.weixin.qq.com/s?__biz=MzI0ODE5NDU5Mw==&mid=2649551073&idx=1&sn=24ff29b4ca13bb2e052e7ed16419c97b&chksm=f0959ac055b96b9050d3b8528f7db059f55b5aef9e572d664fd0abf52be66ec6030793c12dc6&scene=21#wechat_redirect
326,关于海外的两则对话,2024-12-19,http://mp.weixin.qq.com/s?__biz=MzI0ODE5NDU5Mw==&mid=2649551068&idx=1&sn=7afca0ded467caf4e68bcdeab96d267f&chksm=f0b2f272cb0fc24c2c2c08e93935d9743935959edec6a95a7920e1102c3898cca3cdab234a89&scene=21#wechat_redirect
325,不畏浮云遮望眼——对经济热点问题的一家之言,2024-12-06,http://mp.weixin.qq.com/s?__biz=MzI0ODE5NDU5Mw==&mid=2649551064&idx=1&sn=4e0ed34305a2d6b7642812787886d4cc&chksm=f079789b2275b7fca2930637e567f8a21eaff209cb20eedd31e16e4c5a9273a612d69c28a356&scene=21#wechat_redirect
324,尹锡悦的首尔之冬,2024-12-04,http://mp.weixin.qq.com/s?__biz=MzI0ODE5NDU5Mw==&mid=2649551060&idx=1&sn=22f7d5fd82db0198cbd07811a16402ef&chksm=f0e7c3c446b8a0da56ea2a7868ba760d2bb69ab1141033d2788dbc09b74339bf32d9d6a3a6c4&scene=21#wechat_redirect
323,真正的增量——真实需求在哪里？,2024-11-30,http://mp.weixin.qq.com/s?__biz=MzI0ODE5NDU5Mw==&mid=2649551055&idx=1&sn=b98e4b3503c1970afe1227d23fef3f27&chksm=f049f05d47df0a2a0bc50ddecefbe534e6dc4d5ffa14941fec912d561f22a77daa1cd475a15e&scene=21#wechat_redirect
322,念念不忘，必有回响,2024-11-22,http://mp.weixin.qq.com/s?__biz=MzI0ODE5NDU5Mw==&mid=2649551050&idx=1&sn=569744e6975d9852b77ca9a9b8f1b269&chksm=f0b24ad3f695b14f809ca7bef4d75fc48d609d24ce0052425d97a18fd9fd99a179fbb7677423&scene=21#wechat_redirect
321,要管理好社会情绪的放大器,2024-11-20,http://mp.weixin.qq.com/s?__biz=MzI0ODE5NDU5Mw==&mid=2649551046&idx=1&sn=332ed5c9d96a306db26f8d51d05cae40&chksm=f09fe7f949d2d4415d3931197600f140c26bd39e16d49a15aa156b352506b25e1a2ce0d8805f&scene=21#wechat_redirect
320,一个川普，各自表述,2024-11-13,http://mp.weixin.qq.com/s?__biz=MzI0ODE5NDU5Mw==&mid=2649551042&idx=1&sn=f68daa578025683a67997ae943e5e5c7&chksm=f0ed0d01475dd8645b90bddc7590d6cc401201e746905249afc075e849d8f94c1a8b093c2b21&scene=21#wechat_redirect
319,民主党为何会失败？,2024-11-08,http://mp.weixin.qq.com/s?__biz=MzI0ODE5NDU5Mw==&mid=2649551037&idx=1&sn=49456217a1a2abdae2f5a193ddd32f79&chksm=f06f838ed828c1a9ea51154ea340169b24bf0f9c7ec44731f1b5bc2e0e90823045cb66167f18&scene=21#wechat_redirect
318,巨变前夜,2024-11-06,http://mp.weixin.qq.com/s?__biz=MzI0ODE5NDU5Mw==&mid=2649551032&idx=1&sn=84d4607d89cd7e369c82d85e3eb31919&chksm=f099ed5ca264ccfb3f9a4ba927ac1afb3886001fc19814146ccd9f3052755bd5269261ef9ec1&scene=21#wechat_redirect
317,川普关税的底气与中国大陆的内需,2024-10-29,http://mp.weixin.qq.com/s?__biz=MzI0ODE5NDU5Mw==&mid=2649551027&idx=1&sn=c08c42c0842d30376ca41d113501581f&chksm=f085d1bb02305dc2c8bb60f5652c52b86240e50de0cb606701fb51f49af1ad25fce75ef9a0d6&scene=21#wechat_redirect
316,对反社会人群应当尽快进行犯罪心理分析,2024-10-28,http://mp.weixin.qq.com/s?__biz=MzI0ODE5NDU5Mw==&mid=2649551023&idx=1&sn=7024877b1ddfc3e614f6a8b32e39cbb0&chksm=f01106cf6dd70355901de163233796353da8dd82cc9ed3133979b6edc256f8f6915415def8d7&scene=21#wechat_redirect
315,假如Nvidia的泡沫破裂,2024-10-22,http://mp.weixin.qq.com/s?__biz=MzI0ODE5NDU5Mw==&mid=2649551018&idx=1&sn=9c1a513488ed59df469a6a087e7076a6&chksm=f08fc437e043791b186f8b3c10bb8e855b0505af3177af9c76ad6a4c4425416ba7f7e50f1a80&scene=21#wechat_redirect
314,从经济地理的视角去思考新一轮财政政策,2024-10-13,http://mp.weixin.qq.com/s?__biz=MzI0ODE5NDU5Mw==&mid=2649551014&idx=1&sn=47dca11473e410708c940aec55eaa60a&chksm=f08012846439639359808475a1196a8c49a433aafca2877250e6f5fe1ad09bfd3ba6a49fe12d&scene=21#wechat_redirect
313,预期引导与真金白银,2024-10-10,http://mp.weixin.qq.com/s?__biz=MzI0ODE5NDU5Mw==&mid=2649551008&idx=1&sn=ab3021090c4f8d1d1f83e52cdd5bb2a8&chksm=f022ac2b6ebb0c7b59536e8edb0c94e192e7b9eb929475775142794da9b72bbfc2a534404477&scene=21#wechat_redirect
312,走出萧条,2024-10-05,http://mp.weixin.qq.com/s?__biz=MzI0ODE5NDU5Mw==&mid=2649551004&idx=1&sn=042bf7f7702df1a5deed11b764f76141&chksm=f083e1256e1d8f461d0248729f219366b2744190f95047373b8ecaeb71348661fe9872aeac58&scene=21#wechat_redirect
311,大A是个气氛组,2024-09-30,http://mp.weixin.qq.com/s?__biz=MzI0ODE5NDU5Mw==&mid=2649551000&idx=1&sn=e14290912ab715d6e49270c122e716eb&chksm=f05e9bc2fc469641e18c89fdb02b7c1916e6215644c782a3a1efccd5cf3bca7c120937f31598&scene=21#wechat_redirect
310,在积极的氛围中推进债务重组,2024-09-27,http://mp.weixin.qq.com/s?__biz=MzI0ODE5NDU5Mw==&mid=2649550996&idx=1&sn=fe60575a7055769a7d4ef05f71e5490c&chksm=f0a91a665f65391bb0cdf18f9c9345f6d4d8c0e2ef4961dbe4bec97bec3f73ef2309b42dc6a1&scene=21#wechat_redirect
309,债务重组的基本逻辑,2024-09-26,http://mp.weixin.qq.com/s?__biz=MzI0ODE5NDU5Mw==&mid=2649550992&idx=1&sn=f836786d2c5ebcd06cf22298063815f3&chksm=f001f3137f03fd9a8860f5ccc541ed1474c3d7b7aa52e83d9ecb0d155d5f97fc4fb25bd0f0a1&scene=21#wechat_redirect
308,再全球化下的通胀与通缩,2024-09-24,http://mp.weixin.qq.com/s?__biz=MzI0ODE5NDU5Mw==&mid=2649550987&idx=1&sn=cfd36e68f7b2e0ab0f861aa35057ff8b&chksm=f0d381f96511c8a4d2c9fc64fc9b79c49ac5032f1e6c91a3e0e9c74e1eb89a8971feea304c25&scene=21#wechat_redirect
307,以色列打开了潘多拉的魔盒,2024-09-18,http://mp.weixin.qq.com/s?__biz=MzI0ODE5NDU5Mw==&mid=2649550983&idx=1&sn=aa087226ea232e873849466127877fb0&chksm=f05f3927be7f0b902385d3c0d77fc7844c48994e7b655d85572210fb1a0e585a4966f21637ad&scene=21#wechat_redirect
306,需求侧的困惑,2024-09-13,http://mp.weixin.qq.com/s?__biz=MzI0ODE5NDU5Mw==&mid=2649550978&idx=1&sn=2e95991e0b9cc81b469547d0bbf67dd6&chksm=f06dcf02697b46d436ac2c5dee60c7886aac6e5ccc385af5db7465f3bb03757119c495bef1f1&scene=21#wechat_redirect
305,为什么会有内卷,2024-08-12,http://mp.weixin.qq.com/s?__biz=MzI0ODE5NDU5Mw==&mid=2649550971&idx=1&sn=56c5d24c1a7e115f5d5f4f5df882f245&chksm=f0072a82912cb9141ad214cf61e3c77fa7ffee807e93767237442303516a6a539dfbc853dccb&scene=21#wechat_redirect
304,如何研究川普主义,2024-07-16,http://mp.weixin.qq.com/s?__biz=MzI0ODE5NDU5Mw==&mid=2649550967&idx=1&sn=e9950757d76365f5485812ba6fe5a46a&chksm=f055620cc518a8ac3448de62ad7f82f7a407f09f091b87313ee5bda642f0668bc1e014684e1a&scene=21#wechat_redirect
303,川普主义归来,2024-07-15,http://mp.weixin.qq.com/s?__biz=MzI0ODE5NDU5Mw==&mid=2649550963&idx=1&sn=8c128513985d7ab9974e11d04e89f44b&chksm=f0f13ec7166b7bba488857339f62fb8d55283f7ded34ae3974851231a8cdc39775d3e4599299&scene=21#wechat_redirect
302,食用油运输乱象的法律责任,2024-07-08,http://mp.weixin.qq.com/s?__biz=MzI0ODE5NDU5Mw==&mid=2649550958&idx=1&sn=f73b837907a616986fc9eb47ecfeb527&chksm=f07776e717954764756cc2c9e03c74de65fbbe80010488dc3488a9350b290cf7e8968f7d2d91&scene=21#wechat_redirect
301,美丽新世界,2024-07-07,http://mp.weixin.qq.com/s?__biz=MzI0ODE5NDU5Mw==&mid=2649550954&idx=1&sn=dd8335aa1ad72c347c556bd384b745b5&chksm=f0570bd1b82c46ba3260c079666532c90ed5238663d14e258594377aa3b68a2bc4cf2793b245&scene=21#wechat_redirect
300,父与子的对话（之二）,2024-06-30,http://mp.weixin.qq.com/s?__biz=MzI0ODE5NDU5Mw==&mid=2649550949&idx=1&sn=d46a0ce3791e44d09d731c95828123e7&chksm=f0d17922716274af2dd276b256a0dcbb38d968d647df116dc92442a793b1953efd4eaa4f50cc&scene=21#wechat_redirect
299,网络舆论公审才是真正的问题,2024-06-19,http://mp.weixin.qq.com/s?__biz=MzI0ODE5NDU5Mw==&mid=2649550945&idx=1&sn=913db448589bc62ea74709dcfca0af94&chksm=f0490bbe4155cdccc107a48e3d9e3fee7e028f12b2df132a8da919cadce856546d93bf40dd71&scene=21#wechat_redirect
298,合理质疑，有罪推定，自证清白与精英傲慢,2024-06-18,http://mp.weixin.qq.com/s?__biz=MzI0ODE5NDU5Mw==&mid=2649550940&idx=1&sn=5de9abe4cf71edecb11ec147b938fa19&chksm=f06a015d5fe3426b154832ba42d6d9d4c969c97c87bc4b833c512c4bb03fec7dd2b060b1f99e&scene=21#wechat_redirect
297,尊重姜萍自己的选择，才是对她最好的支持,2024-06-17,http://mp.weixin.qq.com/s?__biz=MzI0ODE5NDU5Mw==&mid=2649550934&idx=1&sn=c966fd161f090a6b69e4e5b055e42d84&chksm=f0f4e424f618dc69c4e8d076d4a493e0bde348375f52a898a46817134009b042c5a09e941d13&scene=21#wechat_redirect
296,同一个世界，同一次看见,2024-06-08,http://mp.weixin.qq.com/s?__biz=MzI0ODE5NDU5Mw==&mid=2649550923&idx=1&sn=c315b963a727731ac04a42bd2788fe5b&chksm=f00119c9a64647a85b91f29b29b2be34f09c394f37a7b382f2b17e2e7ac6bffef91bbc987e8a&scene=21#wechat_redirect
295,一将功成拼多多,2024-05-27,http://mp.weixin.qq.com/s?__biz=MzI0ODE5NDU5Mw==&mid=2649550918&idx=1&sn=de14f19519b288e41f2e5e82a326a09c&chksm=f0d72bac4c92aa7fa855beb4f2cf5e639b37e6c74c7072a950bd79cffb68696278e46516b849&scene=21#wechat_redirect
294,成本换收入与社融为负,2024-05-12,http://mp.weixin.qq.com/s?__biz=MzI0ODE5NDU5Mw==&mid=2649550913&idx=1&sn=c9a90af5635d95645d418def517aa3bb&chksm=f0b64830729732ececa2fdd0702d4a0e5466988dbd6e5ae143ef549ef9fb1437536f2707092b&scene=21#wechat_redirect
293,特斯拉的一小步，全球在地化的一大步,2024-04-29,http://mp.weixin.qq.com/s?__biz=MzI0ODE5NDU5Mw==&mid=2649550908&idx=1&sn=a09c268b3e0ee430554ba8c1798853de&chksm=f03918272d3e6ead44bfe53da11b4eee45dbeea402123b2e8754409612d6560b310b2b9c3342&scene=21#wechat_redirect
292,投资于文明的边缘地带,2024-04-23,http://mp.weixin.qq.com/s?__biz=MzI0ODE5NDU5Mw==&mid=2649550903&idx=1&sn=4897cb248b228523d590b0fc288ffe7a&chksm=f02dc702da2f55149781f24221605c24b2f099bc9fd4969f0218bb832d6f05e7aa528f5c8749&scene=21#wechat_redirect
291,慕峰公众号文章一览（2024年4月）,2024-04-04,http://mp.weixin.qq.com/s?__biz=MzI0ODE5NDU5Mw==&mid=2649550894&idx=1&sn=7b6ae3ad777d89a8edae3b8d14a26f78&chksm=f0bef44be442773680ab7df782c9a516101454ea9efa5e01fb286ccfcdc1066b4f1fbcfde5f1&scene=21#wechat_redirect
290,内卷、老龄化与少子化,2024-04-02,http://mp.weixin.qq.com/s?__biz=MzI0ODE5NDU5Mw==&mid=2649550892&idx=1&sn=693403a3251589a0d9a19c50708776b4&chksm=f0aadb6cb42fea7e08f5d1c142198ac1f6b3e133ff2f4c20695dd9b462b895b29cf8b4eaf197&scene=21#wechat_redirect
289,算法控制舆论的时代,2024-03-27,http://mp.weixin.qq.com/s?__biz=MzI0ODE5NDU5Mw==&mid=2649550886&idx=1&sn=8eeb386eaa973edf52a3053535c16400&chksm=f08f5b0148b9d0dfcb6adb22f219f752b45b4cb0de73a6a81a3b8454804675184d0e15b305d4&scene=21#wechat_redirect
288,拐点已至，一语成谶,2024-03-26,http://mp.weixin.qq.com/s?__biz=MzI0ODE5NDU5Mw==&mid=2649550876&idx=1&sn=77d3fe2ee4260c1326c11806f5bb0fe4&chksm=f017f684660fcc9af099574e0ec174b61555a7af9c90888e825d967c496fd28e554188ef6558&scene=21#wechat_redirect
287,慕峰：中国企业的出海与再全球化,2024-03-17,http://mp.weixin.qq.com/s?__biz=MzI0ODE5NDU5Mw==&mid=2649550872&idx=1&sn=5c447898654107231eb465d583d4d5b3&chksm=f0ac0b8019f4677558d2ae29a92b473364f4533f3d0ade4671c72d0013c035ee125c2d1bf3ce&scene=21#wechat_redirect
286,慕峰：如何提升民众的可支配收入,2024-03-11,http://mp.weixin.qq.com/s?__biz=MzI0ODE5NDU5Mw==&mid=2649550868&idx=1&sn=c22b39d5c0819a84c2a8f2e6f199f8d2&chksm=f0b936528e6e8fab7d294acdcc7cc29dca7bdab7bca8602f3228c59d7569e3cddb4b86c2515a&scene=21#wechat_redirect
285,再全球化，贸易平衡与结构性调整,2024-03-06,http://mp.weixin.qq.com/s?__biz=MzI0ODE5NDU5Mw==&mid=2649550864&idx=1&sn=08655b80d34752c8cc237cbe702dd503&chksm=f020d5043792f73e862aa649fc9445fc2f3ab16072dcf3c8726795c0b7b6d0b3a1b38fea6136&scene=21#wechat_redirect
284,技术上的遥遥领先，并不等于经济上的遥遥领先,2024-03-02,http://mp.weixin.qq.com/s?__biz=MzI0ODE5NDU5Mw==&mid=2649550857&idx=1&sn=83a6cdcb20eed2556fa053b5979581f1&chksm=f09a05a60cbc45c7553f08e38b6a2e6d48fd0281ca3898ac81560c3728acfa18ca76c0fceb56&scene=21#wechat_redirect
283,再全球化、产业园区与供应链外迁,2024-02-22,http://mp.weixin.qq.com/s?__biz=MzI0ODE5NDU5Mw==&mid=2649550853&idx=1&sn=2001c2673f9f7c014872022964b274d0&chksm=f07ee0eb177ad584b9ea65827d7987e77d02f54d27a4b8b6add04ec39e85e4a9eebe818397f4&scene=21#wechat_redirect
282,父与子的对话（之一）,2024-02-19,http://mp.weixin.qq.com/s?__biz=MzI0ODE5NDU5Mw==&mid=2649550849&idx=1&sn=b3d7a9002b5c4c46637356685426fc1b&chksm=f0b93a4783c0e188f552c65614ecf6351e2348acbcc230d82b05e0c4672db125c98e310a3cff&scene=21#wechat_redirect
281,新春愉快，龙年大吉,2024-02-10,http://mp.weixin.qq.com/s?__biz=MzI0ODE5NDU5Mw==&mid=2649550845&idx=1&sn=528fe33417f337a23c8c5a6dd4a4d5f6&chksm=f014a2f9aa34883c067f86798ebd44cca9859bf0508068e988b111435bc4f8d71c7d6a75661d&scene=21#wechat_redirect
280,小年快乐，兼论A股,2024-02-02,http://mp.weixin.qq.com/s?__biz=MzI0ODE5NDU5Mw==&mid=2649550841&idx=1&sn=dfe52c3121586b80676bb395e47d60fd&chksm=f09d39790251539eaed9e11580f96b02812062f96fd6b47d9bbfba562b5d1ce9c4ed06926005&scene=21#wechat_redirect
279,聊一聊最近的房地产,2024-02-01,http://mp.weixin.qq.com/s?__biz=MzI0ODE5NDU5Mw==&mid=2649550836&idx=1&sn=51db7b49c6e1934fd563abe81f2b447a&chksm=f089944efa5c9ac3e3d9d0d323e6cf6599845c4ce174fcce94e97607c86f8a5b44e57ae69ed5&scene=21#wechat_redirect
278,知其不可而为之,2024-01-30,http://mp.weixin.qq.com/s?__biz=MzI0ODE5NDU5Mw==&mid=2649550832&idx=1&sn=c3e36898e22eadacb643987e3a47780b&chksm=f03f67420ea594ebb83455d1e14cf111fd824791dd3f2b7fd4f51a613df9a3882f49134f64ac&scene=21#wechat_redirect
277,分配问题为什么最重要,2024-01-24,http://mp.weixin.qq.com/s?__biz=MzI0ODE5NDU5Mw==&mid=2649550828&idx=1&sn=7f29cbdc2ca8551f374e7bf66fc54265&chksm=f01a47eb6f3f3b2456b2f5e4619adffc0228f84f9bd5f93126d2796c66002280ac88f37cfc64&scene=21#wechat_redirect
276,关于救市，某有一计，不知当不当讲,2024-01-23,http://mp.weixin.qq.com/s?__biz=MzI0ODE5NDU5Mw==&mid=2649550823&idx=1&sn=93628fa497b3d53ffc575967aebd8d85&chksm=f089db8d5952780850201f78c6b0b957c758de6afeeea6250e081f15008d66f621cc0939192f&scene=21#wechat_redirect
275,救人一命并不难，难的是搞清教育的目的,2024-01-08,http://mp.weixin.qq.com/s?__biz=MzI0ODE5NDU5Mw==&mid=2649550806&idx=1&sn=9e87355d2d1c4328158002b42ca98c71&chksm=f0e4b6449e22b7e1517c00d42885f2736f9cb720bac8302402bec2d5709e330410d96e73a8c3&scene=21#wechat_redirect
274,读懂历史，理解现实,2024-01-04,http://mp.weixin.qq.com/s?__biz=MzI0ODE5NDU5Mw==&mid=2649550801&idx=1&sn=2349b9483d5073f20817458b288302d4&chksm=f0a8f507f66def41c9e1d8b6ca95b5e821af995bbe8cb01572881a77613b8c68083b64d0f4b1&scene=21#wechat_redirect
273,体察微观、理解微观、尊重微观,2023-12-27,http://mp.weixin.qq.com/s?__biz=MzI0ODE5NDU5Mw==&mid=2649550796&idx=1&sn=eae09de6b3c58ad3824218207474547c&chksm=f01fcc850b7197adcda3e1684193c92ea50d2125c7d05d7a5abb1913c2f33aac008ef656fb48&scene=21#wechat_redirect
272,漫长的冬季,2023-12-20,http://mp.weixin.qq.com/s?__biz=MzI0ODE5NDU5Mw==&mid=2649550792&idx=1&sn=abe90ae9f6079d1619ca74e1a338e54b&chksm=f06aa7daa60ce1ea6df8c1f51f979497d121df26c5e36aa9ca32f6bf2cbf7845a5caced3079e&scene=21#wechat_redirect
271,要不要打造企业偶像？东方甄选时代的新问题,2023-12-17,http://mp.weixin.qq.com/s?__biz=MzI0ODE5NDU5Mw==&mid=2649550787&idx=1&sn=9b56dafdf487366b2cf4897ead1a3985&chksm=f0068d1d8f5337f2cf6b4ef6fb89be3d4eee99b971396973df15e5042fd05a23ed100d4c045a&scene=21#wechat_redirect
270,俞敏洪并不理解流量从何而来,2023-12-16,http://mp.weixin.qq.com/s?__biz=MzI0ODE5NDU5Mw==&mid=2649550783&idx=1&sn=f66ed3607d3bf5394cce5c09dffab233&chksm=f0b997db6ff548b48a5ab07f68207d5561497362cda268f9fef2937e79fad6a6a0b8432d6b1a&scene=21#wechat_redirect
269,社会性抑郁与初中生的呐喊,2023-12-11,http://mp.weixin.qq.com/s?__biz=MzI0ODE5NDU5Mw==&mid=2649550779&idx=1&sn=a8cacd1612a0c354de194ffc8f09e0f8&chksm=f050e8abf3f716eb7c1d2baded49a4550d5deac3497ce0f613b85096edd2521faeaa0a768d29&scene=21#wechat_redirect
268,外部与内部，微观与宏观，短期与长远,2023-11-23,http://mp.weixin.qq.com/s?__biz=MzI0ODE5NDU5Mw==&mid=2649550774&idx=1&sn=e8306c0beef8a18f77a7c42b65b6cb12&chksm=f0d798b315fc70b3045359d0d3d9a1f893b03db4e632c2e2295fa717818345a49bf0ba031b15&scene=21#wechat_redirect
267,已然转向——美国半导体管制新规简评,2023-10-18,http://mp.weixin.qq.com/s?__biz=MzI0ODE5NDU5Mw==&mid=2649550769&idx=1&sn=6cb04b6818e445275cfa65b12e582bfc&chksm=f0918dcb8af6995269166b297d02fde8215657c6322cb1717c26ea516df757f5c1a57075c65c&scene=21#wechat_redirect
266,G2芯片战争阶段性小结,2023-09-21,http://mp.weixin.qq.com/s?__biz=MzI0ODE5NDU5Mw==&mid=2649550764&idx=1&sn=689c18e4ad6629d55f8b539437926b6b&chksm=f0937cedf1bb6e4c6957f7657a653250e717dc88d5a0964932c6939051049c9122b881f038aa&scene=21#wechat_redirect
265,美共和党议员针对Mate 60事宜致函BIS简析,2023-09-17,http://mp.weixin.qq.com/s?__biz=MzI0ODE5NDU5Mw==&mid=2649550759&idx=1&sn=59a73e8c943602886d980ed1bdc942fc&chksm=f0b3da5802db29fa0f558ad5850c680fc229f0d7e570112d094e6caf0ffa5c660711d2bb59eb&scene=21#wechat_redirect
264,再全球化、民族主义与民粹主义,2023-09-11,http://mp.weixin.qq.com/s?__biz=MzI0ODE5NDU5Mw==&mid=2649550755&idx=1&sn=16e845dc2eff6d84c7232fb180e7fa03&chksm=f0cd3f529b8def58bfd273c05bf773008c044fb8b32bf2077fab8f01e6bbe4b8067bec92cff6&scene=21#wechat_redirect
263,轻舟已过，前路仍艰——对Mate 60的一些简单看法,2023-09-05,http://mp.weixin.qq.com/s?__biz=MzI0ODE5NDU5Mw==&mid=2649550750&idx=1&sn=382db444fda1827ebdc8b59c31df45a1&chksm=f00c29d3a7f1bfa4607db502ac6db038fc18e0b7477f8fa5e8596941a34933ccf1d23fcef18c&scene=21#wechat_redirect
262,日本海产重获信任的最简单方案,2023-08-25,http://mp.weixin.qq.com/s?__biz=MzI0ODE5NDU5Mw==&mid=2649550746&idx=1&sn=d9bed87833d8cea8b40dc7842531bc1d&chksm=2a334cfddab52f728595956c190066f963d2b9b67784d59c44bd8375ab3be55ff43e120349d6&scene=21#wechat_redirect
261,医疗与教育的反腐及利益增量改革,2023-08-17,http://mp.weixin.qq.com/s?__biz=MzI0ODE5NDU5Mw==&mid=2649550741&idx=1&sn=a2126b2bcab58bcc2c0bb40aafa8bb80&chksm=aeb745fb5a3525779a3be7fe65addea2581882d28c6973914a8708e384387970d7893ab97fe0&scene=21#wechat_redirect
260,你哪里是什么孤勇者，不过是阳光开朗大男孩罢了,2023-08-14,http://mp.weixin.qq.com/s?__biz=MzI0ODE5NDU5Mw==&mid=2649550737&idx=1&sn=5c38cbe3b97392600301ff705b69ec3d&chksm=2b3205bf5e312573ca0257d2e3aabe58f6a858671d64407cb125f093700ae142e552bc7f9cc2&scene=21#wechat_redirect
259,“地产新政”冷观察,2023-07-31,http://mp.weixin.qq.com/s?__biz=MzI0ODE5NDU5Mw==&mid=2649550731&idx=1&sn=d91164f6a356d4dd6f97eaedc41c62d0&chksm=263f5dfddab5276b3cda04ebc4c1eca550e566119445ebe53ff4ad173b436ca1589a0f89e015&scene=21#wechat_redirect
258,老乡，又鼓励买房了，还上车吗？,2023-07-28,http://mp.weixin.qq.com/s?__biz=MzI0ODE5NDU5Mw==&mid=2649550727&idx=1&sn=3249457e727ea7d36fd4fdd0b3ed7a9e&chksm=223b5df17e112d6debd7b75e361d2081c50f149dfee5f5100a4db5c95aebfdf12bc2e5276ea6&scene=21#wechat_redirect
257,再全球化与结构性调整,2023-07-25,http://mp.weixin.qq.com/s?__biz=MzI0ODE5NDU5Mw==&mid=2649550723&idx=1&sn=3e3877c1c08f33ca7e2edf9021680833&chksm=a7be55fd5a352561a65e6ba566b91d6b4b49b598993d5b08291734ccb1b8cd4c46752a7b870f&scene=21#wechat_redirect
256,美国半导体产业政策的内部博弈,2023-07-19,http://mp.weixin.qq.com/s?__biz=MzI0ODE5NDU5Mw==&mid=2649550719&idx=1&sn=e00c0266ea293d2910cbdebc0b8f5d66&chksm=aab31d497e112f9750ba1e16c3c784475d4c51be170f4aeea5e6bea7fffbb35b3f1b1c5696f5&scene=21#wechat_redirect
255,不要在半导体领域重复造轮子,2023-07-13,http://mp.weixin.qq.com/s?__biz=MzI0ODE5NDU5Mw==&mid=2649550715&idx=1&sn=0acc0b035e9c772be8dab5e46fcfb289&chksm=031a4515fa952d91325fe9ff4548369da2b0092d344e799e650d1216d07756fe28d260b0e5c4&scene=21#wechat_redirect
254,终于有了“芯片战争”的样子,2023-07-06,http://mp.weixin.qq.com/s?__biz=MzI0ODE5NDU5Mw==&mid=2649550710&idx=1&sn=fe78ea030ebe95e81c78b25ae0676137&chksm=8a934d10deb12f9ee2bc6e317e99f6aab16de6216efbd59acaec71f65e596d1700a324614742&scene=21#wechat_redirect
253,该不该给老百姓发钱,2023-06-23,http://mp.weixin.qq.com/s?__biz=MzI0ODE5NDU5Mw==&mid=2649550703&idx=1&sn=ccaa3c16f821f7a18ca660711e6ef214&chksm=869f44007e112f87c8acff138baa828631428ff44c82e42d00c7a269afad995513357e4b2112&scene=21#wechat_redirect
252,消费能力去哪里了,2023-06-22,http://mp.weixin.qq.com/s?__biz=MzI0ODE5NDU5Mw==&mid=2649550699&idx=1&sn=6e23e952aa8065de499cc8601ac3b09d&chksm=9dbe5c1c7e112d81667addb3438249dfc4f3f907b7b6c355ea589a09c15f2fa78c1fe3b14715&scene=21#wechat_redirect
251,公号七年一瞬间,2023-06-19,http://mp.weixin.qq.com/s?__biz=MzI0ODE5NDU5Mw==&mid=2649550689&idx=1&sn=426ed4424bdf88dc1057f53c7ee0be1a&chksm=1033541e5a352d8b3595e00581eaa7ffcaa2a357f0e51ba252cb06a0256147b2a96640d4813c&scene=21#wechat_redirect
250,征召出版启事,2023-06-18,http://mp.weixin.qq.com/s?__biz=MzI0ODE5NDU5Mw==&mid=2649550685&idx=1&sn=93a9ed3949e6e0c3f5eb0d7b937e5291&chksm=99ba4533f6992db762c89943a303345410e33bcc667a4c75ff253e163147690bed7ef4f2b7d1&scene=21#wechat_redirect
249,台积电的一小步,2023-06-12,http://mp.weixin.qq.com/s?__biz=MzI0ODE5NDU5Mw==&mid=2649550680&idx=1&sn=5f81491b03a9e1c3d6107c53092c12c8&chksm=381b4d3e7a152db229af7b0ea1a9333504f6cb87bf207ed5c28f7e8da72f66281cda797794c4&scene=21#wechat_redirect
248,保经济、房地产、鸡娃与内卷,2023-06-06,http://mp.weixin.qq.com/s?__biz=MzI0ODE5NDU5Mw==&mid=2649550676&idx=1&sn=7ff4e986851a4b486f67bf5587fe7161&chksm=15361c63f29d25b6a62c6982094d7a4d29ff8ca4dc7753615a8830501976bd08b31d40409b9b&scene=21#wechat_redirect
247,在战争中学习战争,2023-05-30,http://mp.weixin.qq.com/s?__biz=MzI0ODE5NDU5Mw==&mid=2649550668&idx=1&sn=f7c941dc31d70fe16072a60849e58d28&chksm=91b21572d6b92da6e2bd2507335fe0277f006e3f29e022ef47e0ebc9ea3d861a5b3fd620c673&scene=21#wechat_redirect
246,从“逆全球化”到“再全球化”,2023-05-26,http://mp.weixin.qq.com/s?__biz=MzI0ODE5NDU5Mw==&mid=2649550662&idx=1&sn=bc6229039e9050067297e537a39efc96&chksm=3096d979fd1125a498a381fa30b53058c2e4cd96c30c4223f316988420d3452907143746dda7&scene=21#wechat_redirect
245,国泰航空工会需要的先进国际经验,2023-05-25,http://mp.weixin.qq.com/s?__biz=MzI0ODE5NDU5Mw==&mid=2649550658&idx=1&sn=51702c52da3a1a8a6768dfd611fc19c9&chksm=3c9ad0747d912faa95cf48dccd3761ea442e9aad41b2d1784070cff3c62f942078c6ed691f6d&scene=21#wechat_redirect
244,苏州工业园区授课记,2023-05-21,http://mp.weixin.qq.com/s?__biz=MzI0ODE5NDU5Mw==&mid=2649550645&idx=1&sn=3aa8bfb43f38b79589542a64efe38fbc&chksm=9137805351bd2ddf42788e78f2f8afdd81febc3bd287fdda0e5e48ca83161eae7af5013a6df2&scene=21#wechat_redirect
243,应当在法治的轨道上处置笑果文化事件,2023-05-18,http://mp.weixin.qq.com/s?__biz=MzI0ODE5NDU5Mw==&mid=2649550640&idx=1&sn=e55ab84df84eaef13694dfdc2f7d6a94&chksm=1cbac91f75992dda201a9a8234589c2a88d3311019881d92f905babcad35e18df014159db54e&scene=21#wechat_redirect
242,经济情报信息的重要性,2023-05-15,http://mp.weixin.qq.com/s?__biz=MzI0ODE5NDU5Mw==&mid=2649550636&idx=1&sn=f9bad7f6f6ce00530b8ea23586711144&chksm=9c3ad11b79952dc6936c9ed06491d3b64482e3fb672f51f2e2dfb318b7ea02bb2b170fa52a9b&scene=21#wechat_redirect
241,如何释放人们的消费需求,2023-04-19,http://mp.weixin.qq.com/s?__biz=MzI0ODE5NDU5Mw==&mid=2649550630&idx=1&sn=6ef38e034301d3cdf43b0c0efdff8704&chksm=b5138848fd1125c4cd75c82da6ecaea702a6cbf4b3e7a7c1003ce53f2722d333fc68dfd6fd38&scene=21#wechat_redirect
240,繁荣、安全与成本——进攻性现实主义的破解之道,2023-04-18,http://mp.weixin.qq.com/s?__biz=MzI0ODE5NDU5Mw==&mid=2649550624&idx=1&sn=8afc1af07f61311c5846b7daf86cde03&chksm=b91f894fdd312dca0a29d861c3d0d5f77f89cf84fe16dd9f45c95f8586108d42e31d9a7eb81a&scene=21#wechat_redirect
239,国际地缘政治裂变对半导体产业的影响,2023-03-31,http://mp.weixin.qq.com/s?__biz=MzI0ODE5NDU5Mw==&mid=2649550620&idx=1&sn=86f28863b6f06de60c763c487106fc24&chksm=91379963d13d27fc202f80c5136404a5772de46689caf260c66a7c9ab2638a08d1ec9ba223b4&scene=21#wechat_redirect
238,Tiktok面临的是一个政治问题,2023-03-24,http://mp.weixin.qq.com/s?__biz=MzI0ODE5NDU5Mw==&mid=2649550616&idx=1&sn=0b8f226a7a56e1af5166eb8e769e1c37&chksm=3197807ef91527f8957e345dc022688e295f7972cb40132d711e720c932b6b0d474d7ab9d027&scene=21#wechat_redirect
237,中小冠军企业为什么需要“隐形”？,2023-03-23,http://mp.weixin.qq.com/s?__biz=MzI0ODE5NDU5Mw==&mid=2649550611&idx=1&sn=01f205280165030ff72bf1eba9ba98e3&chksm=b513996c75992ffba339561b4918a0f175b1707a2e735ba255e120e593068cc3a97616c6c107&scene=21#wechat_redirect
236,新科技主义与地缘政治冲突,2023-03-22,http://mp.weixin.qq.com/s?__biz=MzI0ODE5NDU5Mw==&mid=2649550605&idx=1&sn=d11a4108a94c86ba375be9590f193dc6&chksm=7837d33b799525ef06b59441a4c10cc6d4df065aaad8eddb8df4b365f54f538c455c4afd5383&scene=21#wechat_redirect
235,芯片战争下的中美博弈,2023-03-20,http://mp.weixin.qq.com/s?__biz=MzI0ODE5NDU5Mw==&mid=2649550597&idx=1&sn=9a54a12f931906ce7443624dd67043e6&chksm=59169b7b55b927e5f5be9b80f024898a9b5070372a093603b5be1f7498898a594dada2fe685e&scene=21#wechat_redirect
234,芯片战争及其应对（下）——美国半导体政策的不同视角,2023-03-16,http://mp.weixin.qq.com/s?__biz=MzI0ODE5NDU5Mw==&mid=2649550593&idx=1&sn=82139664dad8af45d67f2120670af9f4&chksm=d49b8266d93525e3e38ba4577612960820d812ffad70fbdde8a84270367ca90c654c2d592ae2&scene=21#wechat_redirect
233,技术停滞是否已经发生,2023-02-03,http://mp.weixin.qq.com/s?__biz=MzI0ODE5NDU5Mw==&mid=2649550585&idx=1&sn=ff89f620575f4e552aa42fca6d3ecb9f&chksm=f1bc3db7c6cbb4a16a2208f1c1adb11cc50aa4a2bc9c8acb33dd9d55c1a2e0a8ebf1b8dcb253&scene=21#wechat_redirect
232,中国的人口负增长时代,2023-01-17,http://mp.weixin.qq.com/s?__biz=MzI0ODE5NDU5Mw==&mid=2649550581&idx=1&sn=225ff5282c3c51338c7beeb73d6a5143&chksm=f1bc3dbbc6cbb4adf0ab9b54995f127f75107e6c9777385012e52c56ac0fa8c75e431c9eed26&scene=21#wechat_redirect
231,公共卫生与产业政策——600多元的paxlovid进不了医保目录？,2023-01-09,http://mp.weixin.qq.com/s?__biz=MzI0ODE5NDU5Mw==&mid=2649550577&idx=1&sn=2ae336638202cc503236980faeed9b09&chksm=f1bc3dbfc6cbb4a91acc7e4b023ebe0455af4502333378d613d8facc3c65a40a0a1891c70b3f&scene=21#wechat_redirect
230,随便写两句，再给医疗管理部门提个建议,2022-12-28,http://mp.weixin.qq.com/s?__biz=MzI0ODE5NDU5Mw==&mid=2649550568&idx=1&sn=b5c89dcdfa72d8539257f9f35f239b08&chksm=f1bc3da6c6cbb4b0aa4d663daf2d536ed55598ddf05107de0d404317ee40c3ed45f17afc49a0&scene=21#wechat_redirect
229,大疫已三年,2022-12-27,http://mp.weixin.qq.com/s?__biz=MzI0ODE5NDU5Mw==&mid=2649550563&idx=1&sn=b0a22663de34b2d0c53cc3c8c91d1ef1&chksm=f1bc3dadc6cbb4bb2d254bca2fecc830e2449310e27d85637ba2c9e778d60f769568ddae3eb0&scene=21#wechat_redirect
228,过去八个月,2022-12-22,http://mp.weixin.qq.com/s?__biz=MzI0ODE5NDU5Mw==&mid=2649550558&idx=1&sn=e3a86c06f0845530066bbfaed3b5d343&chksm=f1bc3d90c6cbb486557363d8036c8ee9d915dcaa80a42bb0b9d9657110e0aabcaba5a8ec8f82&scene=21#wechat_redirect
227,是时候斩断非法防疫的利益链条了,2022-11-29,http://mp.weixin.qq.com/s?__biz=MzI0ODE5NDU5Mw==&mid=2649550554&idx=1&sn=2852b6bf12d22107ce55ccf2763069cb&chksm=f1bc3d94c6cbb482dd1abb72d334cbd78c12deca30395b8eee7fea5851377ed94bb0d5093364&scene=21#wechat_redirect
226,把宝贵的医疗资源，预留给真正需要的人,2022-11-27,http://mp.weixin.qq.com/s?__biz=MzI0ODE5NDU5Mw==&mid=2649550548&idx=1&sn=6e0bf5405548729a07e9e0f311502c0f&chksm=f1bc3d9ac6cbb48cac8f07bf4252285807a6c83320debb7e8c6d2bbb07e8f32c087a236f98ac&scene=21#wechat_redirect
225,芯片战争及其应对（上）,2022-11-20,http://mp.weixin.qq.com/s?__biz=MzI0ODE5NDU5Mw==&mid=2649550536&idx=1&sn=8da031aeb1c8caffdc16b82c3300c2ff&chksm=f1bc3d86c6cbb4903d8875bd3b2908d4df70689cc418e78ac663ca4c515a1431d06c519bb9d6&scene=21#wechat_redirect
224,防疫政策的重大调整,2022-11-11,http://mp.weixin.qq.com/s?__biz=MzI0ODE5NDU5Mw==&mid=2649550529&idx=1&sn=ed42ff03d9efe7a63f4a2ef6018512aa&chksm=f1bc3d8fc6cbb49917dbb200666c85ee8604c92061f7a8bc2c451716e7fb0c609ab0a7904a9d&scene=21#wechat_redirect
223,疫情三年，防控为何越来越难,2022-11-06,http://mp.weixin.qq.com/s?__biz=MzI0ODE5NDU5Mw==&mid=2649550525&idx=1&sn=587b9920d78d636acfa05af2315125e4&chksm=f1bc3df3c6cbb4e5ebcbfba0cf21e9aaa4649d1ef0b5cb610030e97cec999312f630ff709a85&scene=21#wechat_redirect
222,四边脱嵌与多边嵌合：经济摩擦、政治冲突与技术扩散,2022-09-16,http://mp.weixin.qq.com/s?__biz=MzI0ODE5NDU5Mw==&mid=2649550519&idx=1&sn=a2ba3f6ed1d7fac6c71be430f57d863d&chksm=f1bc3df9c6cbb4ef534a06c102c94f94d84a3553bcd0d29b7443f4d6537a85991d1c8aec8429&scene=21#wechat_redirect
221,新威慑时代,2022-08-05,http://mp.weixin.qq.com/s?__biz=MzI0ODE5NDU5Mw==&mid=2649550501&idx=1&sn=01d7f924231e101a7430e7b3bd9e67aa&chksm=f1bc3debc6cbb4fd85d8162ed6c0e2723a762db5d71977c5afb07e2e33d7a58cdd0adb938895&scene=21#wechat_redirect
220,关于台湾的几个问题,2022-08-03,http://mp.weixin.qq.com/s?__biz=MzI0ODE5NDU5Mw==&mid=2649550499&idx=1&sn=a47cce7e0e4ce6bcfaf08d2301fa0bf6&chksm=f1bc3dedc6cbb4fb4d90c3b447e17a2e9df12fab262902ce2ac3c520b6d95d5e3373f7f0b7ac&scene=21#wechat_redirect
219,如何理解今天的中国,2022-06-19,http://mp.weixin.qq.com/s?__biz=MzI0ODE5NDU5Mw==&mid=2649550496&idx=1&sn=d29202c88c3ef7043b7c81195a28985b&chksm=f1bc3deec6cbb4f8a9e4113c30029a9159177ff1d2224c0b98a83d9758f502bc6a95becdaa12&scene=21#wechat_redirect
218,上海疫情接近触底，过渡期将至,2022-05-12,http://mp.weixin.qq.com/s?__biz=MzI0ODE5NDU5Mw==&mid=2649550483&idx=1&sn=c10169f07d8a75ca79aa3cc416c4d337&chksm=f1bc3dddc6cbb4cb5413ca18a30d5a241b7f91b69276ebfb009206537b421827143ad67a25dd&scene=21#wechat_redirect
217,写在北京应对疫情压力之前,2022-04-24,http://mp.weixin.qq.com/s?__biz=MzI0ODE5NDU5Mw==&mid=2649550458&idx=1&sn=bd5abf8f56183a554a34e2dfba5f32d5&chksm=f1bc3d34c6cbb4220decf9de74e4334a118d0983806012feeaf8a1e383679a9ffab6ab8926b3&scene=21#wechat_redirect
216,制造疫情焦虑的自媒体，究竟能挣多少钱？,2022-04-19,http://mp.weixin.qq.com/s?__biz=MzI0ODE5NDU5Mw==&mid=2649550428&idx=1&sn=6c9e4ca0646f9a434c69e52324cdedfa&chksm=f1bc3d12c6cbb404a1096538cf89c457fa72548c8c0cb912691658941f2a9914b04a6c0eb9ed&scene=21#wechat_redirect
215,上海的自媒体批评不得？,2022-04-18,http://mp.weixin.qq.com/s?__biz=MzI0ODE5NDU5Mw==&mid=2649550397&idx=1&sn=4d828ff17737247ac68dab230537852f&chksm=f1bc3d73c6cbb4650848536f209e676bb1534fa6dc25601a06382204f720770fb295d5546883&scene=21#wechat_redirect
214,关于上海防疫措施的若干建议,2022-04-15,http://mp.weixin.qq.com/s?__biz=MzI0ODE5NDU5Mw==&mid=2649550367&idx=1&sn=5c7dddbe30448c0903c80772c3223313&chksm=f1bc3d51c6cbb447d4fc9654147458e1b19bd4409bfe01ae24820bc4802a8c542bcbe4ea7df2&scene=21#wechat_redirect
213,从上海疫情中我们能反思什么,2022-04-12,http://mp.weixin.qq.com/s?__biz=MzI0ODE5NDU5Mw==&mid=2649550360&idx=1&sn=32080a53a845ea1bc5de0dac88b55bbf&chksm=f1bc3d56c6cbb4403e29b668b661e96c4bde9d03eadddb6f355e51868c2bc27ff35c93276af8&scene=21#wechat_redirect
212,珍惜用巨大防疫成本换来的宝贵时间窗口,2022-04-09,http://mp.weixin.qq.com/s?__biz=MzI0ODE5NDU5Mw==&mid=2649550349&idx=1&sn=d2eaee98284f17c3018296c4ca8ef9c6&chksm=f1bc3d43c6cbb455de9285e8ac9734891bdd751984ec3f37c5d3825e259708c0daaae4a1f750&scene=21#wechat_redirect
211,清零还是躺平,2022-04-06,http://mp.weixin.qq.com/s?__biz=MzI0ODE5NDU5Mw==&mid=2649550344&idx=1&sn=325ea0c2409c7e9bf54b0e8698e61355&chksm=f1bc3d46c6cbb45045ddec7037e24c642e48cc214635f54b239a59372e5c107e2de1a9f40233&scene=21#wechat_redirect
210,关于当前防疫工作的一些建议,2022-03-31,http://mp.weixin.qq.com/s?__biz=MzI0ODE5NDU5Mw==&mid=2649550340&idx=1&sn=3bf4f089f9e254993bea00b470fea72a&chksm=f1bc3d4ac6cbb45cebb838bc76f9729cf1ff80c3a576b88468b19881cd9268e432def7871aed&scene=21#wechat_redirect
209,不尊重原创，是不会有未来的,2022-03-23,http://mp.weixin.qq.com/s?__biz=MzI0ODE5NDU5Mw==&mid=2649550336&idx=1&sn=a8a25fd78360093e31b1126399f22cad&chksm=f1bc3d4ec6cbb458c033a05137655f547787b6528ed10823b0888d55080ce7703e589b2cb4bc&scene=21#wechat_redirect
208,聊聊昨天的文章,2022-03-22,http://mp.weixin.qq.com/s?__biz=MzI0ODE5NDU5Mw==&mid=2649550322&idx=1&sn=9ad641bd40fc4bcc0cf3c5dc419ffff4&chksm=f1bc3ebcc6cbb7aa425cd9737c9680177600c52cf0c41ad23bc930686183c142896b1cc05746&scene=21#wechat_redirect
207,底层的变与不变——当前局势再分析,2022-03-17,http://mp.weixin.qq.com/s?__biz=MzI0ODE5NDU5Mw==&mid=2649550310&idx=1&sn=b753b41142a8b3b8f36848726e21f498&chksm=f1bc3ea8c6cbb7be60fae88aefb8b271b740a5c70742953e9bf7392f2b234b79a60af1f5f4ee&scene=21#wechat_redirect
206,行稳方能致远,2022-03-15,http://mp.weixin.qq.com/s?__biz=MzI0ODE5NDU5Mw==&mid=2649550306&idx=1&sn=aabf7a6a62c680e13309164bbcd79558&chksm=f1bc3eacc6cbb7ba03116f023b9a120d710274b904acd98845ac7787eff3e6df38a0a6fe0366&scene=21#wechat_redirect
205,中概股的未来,2022-03-14,http://mp.weixin.qq.com/s?__biz=MzI0ODE5NDU5Mw==&mid=2649550298&idx=1&sn=e68ca892d1cb3855050e98520fe20112&chksm=f1bc3e94c6cbb782fb3c1ffc6a5b9d60288cd3091548ba31f2e5fdd401536820c27d0bcf5606&scene=21#wechat_redirect
204,俄乌谈判其实是一个死局,2022-03-08,http://mp.weixin.qq.com/s?__biz=MzI0ODE5NDU5Mw==&mid=2649550293&idx=1&sn=d30c2cd419497a54a212008e7c39e417&chksm=f1bc3e9bc6cbb78d5ccd36bc6a145d5629864bf84c54e89f884cd3266e4c4a9f4bee87f3faeb&scene=21#wechat_redirect
203,核威慑的失效——国际经济制裁的不对称性问题,2022-03-07,http://mp.weixin.qq.com/s?__biz=MzI0ODE5NDU5Mw==&mid=2649550288&idx=1&sn=6343504386e75f58ac53541753ad7bf0&chksm=f1bc3e9ec6cbb788a25eee73c9c573d21a280a303b3b8dbbd02ac7c23196ba1dfa23ca1df36a&scene=21#wechat_redirect
202,从有限战争回归无限战争——俄乌之战的深层次问题,2022-03-06,http://mp.weixin.qq.com/s?__biz=MzI0ODE5NDU5Mw==&mid=2649550282&idx=1&sn=36561f9094b058c1d8e0e42f49fa48e2&chksm=f1bc3e84c6cbb79282dae2ddc98c0caa60848a7040590f60af10cddc20a61894e3efbcf17209&scene=21#wechat_redirect
201,俄乌之战经济制裁对中国的启示,2022-03-04,http://mp.weixin.qq.com/s?__biz=MzI0ODE5NDU5Mw==&mid=2649550278&idx=1&sn=5a48b1d963afa5c8c9a33b87819686cd&chksm=f1bc3e88c6cbb79eadd4f3563f2b80b904376768c6af076d85626013dcfd164bc08896a57e13&scene=21#wechat_redirect
200,俄乌之战下的制裁问题,2022-03-02,http://mp.weixin.qq.com/s?__biz=MzI0ODE5NDU5Mw==&mid=2649550273&idx=1&sn=c424a55f33b7562e1807306adae6f1e7&chksm=f1bc3e8fc6cbb7999a94d4d1b34c1775f42483d4a996e5ba5a471dc6d559d8135013b0d51a15&scene=21#wechat_redirect
199,战争，有它自己的逻辑,2022-03-01,http://mp.weixin.qq.com/s?__biz=MzI0ODE5NDU5Mw==&mid=2649550268&idx=1&sn=568aaea7550a90ccae41bbde357efb4e&chksm=f1bc3ef2c6cbb7e4c71f6d24e9631e950d8f2306362d744a584dd629b9cc9646c4102dc11283&scene=21#wechat_redirect
198,俄乌之战——全球化在欧亚的转折点,2022-02-28,http://mp.weixin.qq.com/s?__biz=MzI0ODE5NDU5Mw==&mid=2649550265&idx=1&sn=0cc17a15ba0aa256d093de2283d1f0e9&chksm=f1bc3ef7c6cbb7e1ff028e36f01970f5047ed4d30dbf2eb2c29e2d7aa43d35e535f2ce449fc3&scene=21#wechat_redirect
197,俄罗斯可能已错过最佳收手时机,2022-02-27,http://mp.weixin.qq.com/s?__biz=MzI0ODE5NDU5Mw==&mid=2649550261&idx=1&sn=48700917852e74ed78d98dca114a7d8d&chksm=f1bc3efbc6cbb7ed8cda745ba77c1f9b5db76bf7eebc3daa958a6595fc12c9b1dc5bacc4f28f&scene=21#wechat_redirect
196,丰县事件中集体情绪的行为艺术,2022-02-17,http://mp.weixin.qq.com/s?__biz=MzI0ODE5NDU5Mw==&mid=2649550255&idx=1&sn=410b73d36a561a33f7d2137c12b553f5&chksm=f1bc3ee1c6cbb7f7e08909b5a9fbbeaf5d6abc5f1dbefdbabde7a04d9b6b0509039d5efc1cea&scene=21#wechat_redirect
195,不要让人口买卖的罪恶延续到下一代,2022-02-16,http://mp.weixin.qq.com/s?__biz=MzI0ODE5NDU5Mw==&mid=2649550248&idx=1&sn=d1c2d183d2feece850fa4d97f1c4935a&chksm=f1bc3ee6c6cbb7f092205e12716a4453118cbf1c5b1adc48cc096326b2d6e9eb296d8c903149&scene=21#wechat_redirect
194,关起门来搞“市场”vs.打开门来搞“计划”,2022-02-07,http://mp.weixin.qq.com/s?__biz=MzI0ODE5NDU5Mw==&mid=2649550242&idx=1&sn=8eb2c7f7f3b76d59ea52b1204ab8105b&chksm=f1bc3eecc6cbb7fa966cc8787531cb0c638c50d2314d0808bae24baf58cab8451de1eeeee906&scene=21#wechat_redirect
193,他乡与故乡,2022-01-31,http://mp.weixin.qq.com/s?__biz=MzI0ODE5NDU5Mw==&mid=2649550237&idx=1&sn=bca32a8e9e8a5d9d4af66b92aef36d69&chksm=f1bc3ed3c6cbb7c50325540d71d73a86c1e9327ccb0960624cbe59e06e925f171166ad8b9082&scene=21#wechat_redirect
192,印钱为何不能催生——中国的老龄化问题,2022-01-21,http://mp.weixin.qq.com/s?__biz=MzI0ODE5NDU5Mw==&mid=2649550235&idx=1&sn=0f57f430413221e81eaca798b0c5d8b7&chksm=f1bc3ed5c6cbb7c3f893b1e3ccb138de72e0a7fe7907679d830084aab70917c0b36701e11652&scene=21#wechat_redirect
191,民生之艰，生育之难,2022-01-20,http://mp.weixin.qq.com/s?__biz=MzI0ODE5NDU5Mw==&mid=2649550231&idx=1&sn=65ebe3d35b19389779102720f17c1c8f&chksm=f1bc3ed9c6cbb7cff8f3e194490407e4b1636987305567a5ce54f21fd0f8d444298cb4e907ee&scene=21#wechat_redirect
190,印钱为何难以催生——再谈老龄化问题,2022-01-18,http://mp.weixin.qq.com/s?__biz=MzI0ODE5NDU5Mw==&mid=2649550226&idx=1&sn=2767730609ad6740ba6422e8ad17ba22&chksm=f1bc3edcc6cbb7ca33e1e9d5ca12c86ef3cd5d362fd171212addcb64617b96637dde05626d43&scene=21#wechat_redirect
189,近距离感受超老龄化社会,2021-12-16,http://mp.weixin.qq.com/s?__biz=MzI0ODE5NDU5Mw==&mid=2649550221&idx=1&sn=b4d6902d42eff794669dbf4b43ffdff3&chksm=f1bc3ec3c6cbb7d5c14b3129b47c3810d1f7ab22b5d9a61de33d266d6656eef60042e255e813&scene=21#wechat_redirect
188,中国的经济结构对技术创新的影响,2021-12-08,http://mp.weixin.qq.com/s?__biz=MzI0ODE5NDU5Mw==&mid=2649550214&idx=1&sn=84db9ca8109ed24bd6c8c0254821ac6e&chksm=f1bc3ec8c6cbb7de3226181f0daf0dd989e4e42dcaed681e93e282ef581ac00d78f5b60f32b5&scene=21#wechat_redirect
187,对企业进行“舆论讨伐”，解决不了任何问题,2021-11-24,http://mp.weixin.qq.com/s?__biz=MzI0ODE5NDU5Mw==&mid=2649550209&idx=1&sn=50ac60aadee10c3e01ea03bde7b7cb72&chksm=f1bc3ecfc6cbb7d978e58b37b48eace80cd445cd466371a600ea06438a1ba6805334adef26fb&scene=21#wechat_redirect
186,共同繁荣,2021-11-10,http://mp.weixin.qq.com/s?__biz=MzI0ODE5NDU5Mw==&mid=2649550204&idx=1&sn=770d242fdcb074c50c2ab0bf3654548d&chksm=f1bc3e32c6cbb7248a4cae4d30c8275c5a02b98e98c08b21a7af4695e2f5dbd3f92a1c96bdfb&scene=21#wechat_redirect
185,如何理解我们所处的时代,2021-09-22,http://mp.weixin.qq.com/s?__biz=MzI0ODE5NDU5Mw==&mid=2649550199&idx=1&sn=f93a5ec03d49b80efd24b99d50539fc9&chksm=f1bc3e39c6cbb72f0913a533a724b23ccfecb9da5a7e617e31e9bf5e948792cc146f43c22301&scene=21#wechat_redirect
184,慎言“学习德国模式”,2021-08-25,http://mp.weixin.qq.com/s?__biz=MzI0ODE5NDU5Mw==&mid=2649550193&idx=1&sn=d0401777df5a1e8037314610d76f6200&chksm=f1bc3e3fc6cbb729c14bf6f6aa410283716ad7453860a359feda1b61297db9f0ad55345d8631&scene=21#wechat_redirect
183,房地产中介会被“取缔”吗？,2021-08-22,http://mp.weixin.qq.com/s?__biz=MzI0ODE5NDU5Mw==&mid=2649550188&idx=1&sn=37e3dcad5dd5f372289f08f9d35fd23a&chksm=f1bc3e22c6cbb734975380225d5888f7eb6f13f5d67dce0fcbf4fd3300d9e73c12e36e1ac2c5&scene=21#wechat_redirect
182,希望关于教育的悲剧不再重演,2021-08-19,http://mp.weixin.qq.com/s?__biz=MzI0ODE5NDU5Mw==&mid=2649550181&idx=1&sn=13025f5c85d3f2f2ee2bcc6d787576a6&chksm=f1bc3e2bc6cbb73d702029c3f2301d6ae89e8fd68d78d20c7dba47e5284777e1e8037d27c5ef&scene=21#wechat_redirect
181,当我们在批评“资本”的时候，到底在批评什么？,2021-08-08,http://mp.weixin.qq.com/s?__biz=MzI0ODE5NDU5Mw==&mid=2649550170&idx=1&sn=a087ecdf1d88d899096f103bf7122fc0&chksm=f1bc3e14c6cbb7028a063051d586729aeb2a0570bc9d7fa7822ea743b7378a814a79df400de5&scene=21#wechat_redirect
180,游戏怎么又成了“精神鸦片”、“电子毒品”？,2021-08-03,http://mp.weixin.qq.com/s?__biz=MzI0ODE5NDU5Mw==&mid=2649550165&idx=1&sn=9c7b3723ffaf77e6cbedfd4e592a0867&chksm=f1bc3e1bc6cbb70dea1d0567b9a29a2f042c30dae8f3e52045c811ddc9a2e825a0f480a0a747&scene=21#wechat_redirect
179,再谈中概股投资的政策预期,2021-08-02,http://mp.weixin.qq.com/s?__biz=MzI0ODE5NDU5Mw==&mid=2649550160&idx=1&sn=2efb3cc08202740100682d6e7dd6601a&chksm=f1bc3e1ec6cbb7086374fdbaf599a1dfc60131d88c1c6cbe64f9984a4d93228ed7dfd8c00787&scene=21#wechat_redirect
178,中国的政策是否不可预期的利剑？,2021-07-26,http://mp.weixin.qq.com/s?__biz=MzI0ODE5NDU5Mw==&mid=2649550155&idx=1&sn=c15befc040afa053cbf8ef216fe88000&chksm=f1bc3e05c6cbb713494f4f7a970485b0a93a39ccd3e54807d4a5296035a1986d653a24d6cc62&scene=21#wechat_redirect
177,校外培训最大的靴子快要落地了,2021-07-23,http://mp.weixin.qq.com/s?__biz=MzI0ODE5NDU5Mw==&mid=2649550150&idx=1&sn=b6190d4f1740ea422acf9606698fbe5a&chksm=f1bc3e08c6cbb71e7b2a13e245139de044cbace4b08fd9e3f83f60f9787071648c7868fd5c0c&scene=21#wechat_redirect
176,全球反垄断时代,2021-07-13,http://mp.weixin.qq.com/s?__biz=MzI0ODE5NDU5Mw==&mid=2649550146&idx=1&sn=611b220cf9f4ac16e39bd317ba8e97ba&chksm=f1bc3e0cc6cbb71a982808c57a91ccab6ae7d51a49766a3ea5e130c9ac9cd81e14af616592ca&scene=21#wechat_redirect
175,送别一个旧时代,2021-07-07,http://mp.weixin.qq.com/s?__biz=MzI0ODE5NDU5Mw==&mid=2649550139&idx=1&sn=eb4cae5068b6c84434565d6fa48cc651&chksm=f1bc3e75c6cbb763f187c1e86b8539abc644eb5a3f8d9e95437d76c5f4d09bee04ae5ebbc606&scene=21#wechat_redirect
174,几个改变人生的小故事,2021-06-24,http://mp.weixin.qq.com/s?__biz=MzI0ODE5NDU5Mw==&mid=2649550127&idx=1&sn=cb18e31b3019970d17d18ee8137cfe85&chksm=f1bc3e61c6cbb777af8568103ccbebfb1f55dc500b4877522055f7e3cd17beac8f4a45a9c521&scene=21#wechat_redirect
173,从投资的视角看当前的教育培训行业,2021-06-22,http://mp.weixin.qq.com/s?__biz=MzI0ODE5NDU5Mw==&mid=2649550121&idx=1&sn=ef8c09e2d72d7f7b4afc5dd6c31537ef&chksm=f1bc3e67c6cbb7712a92fd8bd32bec0342be94af4e5b62ae1050fe7690a7eeedc0252387777a&scene=21#wechat_redirect
172,一位老父亲的公众号,2021-06-20,http://mp.weixin.qq.com/s?__biz=MzI0ODE5NDU5Mw==&mid=2649550117&idx=1&sn=5db5743aeaeb5a82102511dfb08c634c&chksm=f1bc3e6bc6cbb77df363cf7178fa4dbb02e3024d16404a9ce2605df2d17f10f4c0801efc12b8&scene=21#wechat_redirect
171,蠢人总是在思考：聪明人要是饿死了该怎么办,2021-06-19,http://mp.weixin.qq.com/s?__biz=MzI0ODE5NDU5Mw==&mid=2649550114&idx=1&sn=88bd155a85aaf1284be5cec104c7cdf7&chksm=f1bc3e6cc6cbb77af7fae6a36042391e10ecfef8be4b7880bba77a88a0be538e6b62e6dcef9d&scene=21#wechat_redirect
170,是时候撕开校外培训行业的遮羞布了,2021-06-18,http://mp.weixin.qq.com/s?__biz=MzI0ODE5NDU5Mw==&mid=2649550111&idx=1&sn=fce3bff82ddcb3918ca32fd883fd36c9&chksm=f1bc3e51c6cbb7478dacf0f3fa576b607918f8241cdd5b210ad456721efa89318b5856a8fb41&scene=21#wechat_redirect
169,奋斗不是靠养蛊——社会达尔文主义不能救中国,2021-06-08,http://mp.weixin.qq.com/s?__biz=MzI0ODE5NDU5Mw==&mid=2649550105&idx=1&sn=72d0fcfdada03d05b0d100c2de17a359&chksm=f1bc3e57c6cbb7412472545cb4fb3f8426c2f4a0a64b973d4832384ee70a32683c9a6ad4ee84&scene=21#wechat_redirect
168,我们需要怎样的人口政策,2021-06-01,http://mp.weixin.qq.com/s?__biz=MzI0ODE5NDU5Mw==&mid=2649550100&idx=1&sn=8b52aca2849c0e5a96b6560c71410dff&chksm=f1bc3e5ac6cbb74c43e634a3b909ffefdc4f3a7d4e5f6f2eae4ec6ff4b314707414dc7dc9c13&scene=21#wechat_redirect
167,谁会要三胎呢？,2021-05-31,http://mp.weixin.qq.com/s?__biz=MzI0ODE5NDU5Mw==&mid=2649550095&idx=1&sn=4c243757e88bf0c1546c648112b9c819&chksm=f1bc3e41c6cbb75766c6e3e8dbdab2b8ad8e556116dda4ccaf027c5547a2ac004899d4ab7f86&scene=21#wechat_redirect
166,差异化的人生为什么重要,2021-05-30,http://mp.weixin.qq.com/s?__biz=MzI0ODE5NDU5Mw==&mid=2649550092&idx=1&sn=cd32d06dbdd32d52b176a53a57510d66&chksm=f1bc3e42c6cbb7545c427b5418265f81fc706efe65a5e5eeee25235375e15c99f534a36469c5&scene=21#wechat_redirect
165,中国年轻人，根本躺不平,2021-05-29,http://mp.weixin.qq.com/s?__biz=MzI0ODE5NDU5Mw==&mid=2649550089&idx=1&sn=cf28dd9c121fc64d360ac0827b2ca47e&chksm=f1bc3e47c6cbb7510c83681dc901106569e51d2a94ee54e7e389e24e035d7ddf22a4e8cfbd37&scene=21#wechat_redirect
164,闲言碎语集（一）,2021-05-25,http://mp.weixin.qq.com/s?__biz=MzI0ODE5NDU5Mw==&mid=2649550086&idx=1&sn=1618c4bfd13f2282387129b622b29581&chksm=f1bc3e48c6cbb75e032e521d6c346bb9d246a60ea375eda7e17943aa89c51bbbc217f60dc5cb&scene=21#wechat_redirect
163,人们为什么会自发的纪念袁隆平,2021-05-23,http://mp.weixin.qq.com/s?__biz=MzI0ODE5NDU5Mw==&mid=2649550082&idx=1&sn=43fb2c50c780910efb864033ce3acc19&chksm=f1bc3e4cc6cbb75aeb45ca68629048d4af7717d5a47846953093d8999a0292373c8a7de6e3fa&scene=21#wechat_redirect
162,左晖走了，但链家的佣金真的合理吗？,2021-05-21,http://mp.weixin.qq.com/s?__biz=MzI0ODE5NDU5Mw==&mid=2649550079&idx=1&sn=6ba67bbf699a16d0caa909058f4aa08c&chksm=f1bc3fb1c6cbb6a7e763467776e441150e84c608fca94927a41288e5c90a2c9fe8421a4685d0&scene=21#wechat_redirect
161,《毛选》热和反垄断——有趣的历史瞬间,2021-05-19,http://mp.weixin.qq.com/s?__biz=MzI0ODE5NDU5Mw==&mid=2649550073&idx=1&sn=b030882c34bf6c8a71d351516a2a5acb&chksm=f1bc3fb7c6cbb6a129eff6ab553099c64acbbd3d033871382f64fbfca1d9b0f06c0e42bf2a23&scene=21#wechat_redirect
160,内卷时代，年轻人如何选择自己的未来,2021-05-17,http://mp.weixin.qq.com/s?__biz=MzI0ODE5NDU5Mw==&mid=2649550067&idx=1&sn=faf2056221ce89b736c05a7fcfea6a1f&chksm=f1bc3fbdc6cbb6ab94e3292db96731c786eb5a1dc7cec70ce85868798850d64acb3a4af03584&scene=21#wechat_redirect
159,《老龄化二百年》写作背景及补遗,2021-05-13,http://mp.weixin.qq.com/s?__biz=MzI0ODE5NDU5Mw==&mid=2649550062&idx=1&sn=508aaa23992a22266e2b837243cf2434&chksm=f1bc3fa0c6cbb6b672d3b9c88b91ce9a865f4eb0ac40b5323a08bbb058ed54cbaa62bc2f906d&scene=21#wechat_redirect
158,老龄化二百年——全球化视角下的中国人口问题,2021-05-12,http://mp.weixin.qq.com/s?__biz=MzI0ODE5NDU5Mw==&mid=2649550054&idx=1&sn=09abcc578b3b810604736c8ce473c88d&chksm=f1bc3fa8c6cbb6beb90937e6d708901ecaca5ab95798485d2d283dc4b56197369f6e1172d785&scene=21#wechat_redirect
157,老龄化、少子化这个议题究竟需要思考什么,2021-04-15,http://mp.weixin.qq.com/s?__biz=MzI0ODE5NDU5Mw==&mid=2649550030&idx=1&sn=8410e734fc9fc61ee77847b763172286&chksm=f1bc3f80c6cbb6963f42222772492c08ef84636365ed1003f5c3e238fac6e105780e3ecacde7&scene=21#wechat_redirect
156,十二个问题,2021-04-12,http://mp.weixin.qq.com/s?__biz=MzI0ODE5NDU5Mw==&mid=2649550025&idx=1&sn=f3a94c989c5cd9baa32d1fa83f75acac&chksm=f1bc3f87c6cbb6914ea8807d506ee044a92cb04d2c96a0e3e22d9da2a095a1768009e48d7cf2&scene=21#wechat_redirect
155,新疆棉事件与中国消费品牌变革,2021-03-25,http://mp.weixin.qq.com/s?__biz=MzI0ODE5NDU5Mw==&mid=2649550021&idx=1&sn=8b30dc2bed6f9871f350b4917ef305dc&chksm=f1bc3f8bc6cbb69d99e047d59a9d18492d886bf5d30bc7ef0ac751e1838ac46873aba8b48af3&scene=21#wechat_redirect
154,不可逆的全球化和老龄化,2021-03-23,http://mp.weixin.qq.com/s?__biz=MzI0ODE5NDU5Mw==&mid=2649550016&idx=1&sn=d15dc58492981fe66f1dd3e571176992&chksm=f1bc3f8ec6cbb698bbeb3b98d6aed917fd0b78c1ee4d485fcef893e6f12f471ac00d650b810c&scene=21#wechat_redirect
153,建立交流平台的尝试,2021-02-28,http://mp.weixin.qq.com/s?__biz=MzI0ODE5NDU5Mw==&mid=2649550011&idx=1&sn=b3ff784a5959a66618b60ef5b798131b&chksm=f1bc3ff5c6cbb6e3033033a6cfabb4bfbc1560543b318f343a2b3bd5c7d690df6e4582b46f90&scene=21#wechat_redirect
152,勤劳是否还能致富？——新租时代的不安与反抗,2021-02-12,http://mp.weixin.qq.com/s?__biz=MzI0ODE5NDU5Mw==&mid=2649550006&idx=1&sn=0d95067abf518a7f181e554558636bf5&chksm=f1bc3ff8c6cbb6ee289a9b797d4891eeb44388c39b639cf1633e9ccdcc84858b9a00ee94d80e&scene=21#wechat_redirect
151,老龄化与996——不善待年轻人的时代，难有未来,2021-01-05,http://mp.weixin.qq.com/s?__biz=MzI0ODE5NDU5Mw==&mid=2649550000&idx=1&sn=78aa283a08232aefc3fe1d78fc70af5f&chksm=f1bc3ffec6cbb6e839b5ca96c61a77f0d13a47f368fd46323132ad568cd02a0d4811f094bb5a&scene=21#wechat_redirect
150,海尔太阳能事件后续,2021-01-03,http://mp.weixin.qq.com/s?__biz=MzI0ODE5NDU5Mw==&mid=2649549995&idx=1&sn=fb67ba8dd4c22b6728342a3a14a4c033&chksm=f1bc3fe5c6cbb6f3e0a9838a939776bb491cdd7c15a2d5f3b40c07d991ad1f84f2c2118d0dbb&scene=21#wechat_redirect
149,为什么要强化对互联网平台的监管,2020-12-24,http://mp.weixin.qq.com/s?__biz=MzI0ODE5NDU5Mw==&mid=2649549979&idx=1&sn=996f19c5cc8aa79a7a2d55503b7b35aa&chksm=f1bc3fd5c6cbb6c3c261cea61af52f4b15a146e557d760503cff024b912228421f3bd627c489&scene=21#wechat_redirect
147,批评互联网平台就等于在犯“左”的错误吗？,2020-12-10,http://mp.weixin.qq.com/s?__biz=MzI0ODE5NDU5Mw==&mid=2649549965&idx=1&sn=f22c63fb7d503f0ca9a621e9d5b6b914&chksm=f1bc3fc3c6cbb6d56dde43dd5c607ab5889c085416a74eb33896ce57f55948c7b7197f453f6a&scene=21#wechat_redirect
146,本公众号文章一览（2020年12月）,2020-12-09,http://mp.weixin.qq.com/s?__biz=MzI0ODE5NDU5Mw==&mid=2649549959&idx=1&sn=adefe2e2fccf0f9462f08628cdc1d502&chksm=f1bc3fc9c6cbb6df0e350404dd9bc312db9c419c6fefafec6922f968885bc3d2baab1bb4564b&scene=21#wechat_redirect
145,内卷的时代，需要怎样的伟大企业,2020-12-07,http://mp.weixin.qq.com/s?__biz=MzI0ODE5NDU5Mw==&mid=2649549955&idx=1&sn=8a430c708bebb9d42ff797d6638dad56&chksm=f1bc3fcdc6cbb6db530300177966063b4d46122e9ce0fa9b04b1d0d36026b8228396cca1ce85&scene=21#wechat_redirect
144,屠龙少年如何成为恶龙——中国互联网平台该向何处去？,2020-12-04,http://mp.weixin.qq.com/s?__biz=MzI0ODE5NDU5Mw==&mid=2649549940&idx=1&sn=cd4dca396dc6c93fb65d84c3a163b8a6&chksm=f1bc3f3ac6cbb62c8597d2050f2d46a2f3078c14064e82484d772cc725fefcfedbe342eb2f71&scene=21#wechat_redirect
143,只会补贴和收租的平台，注定没有未来,2020-12-01,http://mp.weixin.qq.com/s?__biz=MzI0ODE5NDU5Mw==&mid=2649549932&idx=1&sn=e2b5e0195f06d04239231546cad80699&chksm=f1bc3f22c6cbb6347d16305f10f9053840a30b969a83331f9b64cbceac63d411d0bf0e21de2b&scene=21#wechat_redirect
142,年轻人防社会毒打指南（2020年版）,2020-11-26,http://mp.weixin.qq.com/s?__biz=MzI0ODE5NDU5Mw==&mid=2649549927&idx=1&sn=9493df58ec3cc66d737ddebe061a528f&chksm=f1bc3f29c6cbb63f3ada2654619f97ca57d382fa36f348e510c0777caefaa855f04c31b02773&scene=21#wechat_redirect
141,给仍处中美关系漩涡中的企业提个醒,2020-11-11,http://mp.weixin.qq.com/s?__biz=MzI0ODE5NDU5Mw==&mid=2649549921&idx=1&sn=5ef3cfa49b0ab34b19449f17dc2523f5&chksm=f1bc3f2fc6cbb6392a1ca3c05b8fafd2f6e544ab57076745ffbd1e27521b80cf22650f7cafcf&scene=21#wechat_redirect
140,拜登执政期可能的中美关系新变化,2020-11-10,http://mp.weixin.qq.com/s?__biz=MzI0ODE5NDU5Mw==&mid=2649549916&idx=1&sn=fabcb8cfad20532c78ccf220fbcd0777&chksm=f1bc3f12c6cbb6047715723c169a159bd5293288b8ed2786631970e94da00e2e5b8a1a4ea3ea&scene=21#wechat_redirect
139,川普的“分票权”与“背书权”,2020-11-09,http://mp.weixin.qq.com/s?__biz=MzI0ODE5NDU5Mw==&mid=2649549911&idx=1&sn=9422376fa00c8f3d0ce00e357baeefd4&chksm=f1bc3f19c6cbb60f96c9fdf00a49d00d1f9f96eb0b52259e4b9537daf6269c80452288e5971f&scene=21#wechat_redirect
138,这是一个远未结束的故事,2020-11-05,http://mp.weixin.qq.com/s?__biz=MzI0ODE5NDU5Mw==&mid=2649549904&idx=1&sn=55bce3d21b6306c135add1d9f28d81c9&chksm=f1bc3f1ec6cbb6088931317ca8a43178fee9e012cad03ca167181fa7b26769ffbca51bb563d6&scene=21#wechat_redirect
137,本届美国大选的最大输家,2020-11-04,http://mp.weixin.qq.com/s?__biz=MzI0ODE5NDU5Mw==&mid=2649549899&idx=1&sn=f3763135552a40ac70889d1948916b0d&chksm=f1bc3f05c6cbb613f247b319a22819ab807e9a8b6b921331f285f7b434c25cb963a2b34da219&scene=21#wechat_redirect
136,美国大选，究竟应当看什么？,2020-11-03,http://mp.weixin.qq.com/s?__biz=MzI0ODE5NDU5Mw==&mid=2649549890&idx=1&sn=08ed680d535a94b59371ce7485a0aad6&chksm=f1bc3f0cc6cbb61a14b8c24b74913fa347f25d5e599e2640062414d46daf864d0470172bf9d2&scene=21#wechat_redirect
135,川普能否连任？,2020-11-02,http://mp.weixin.qq.com/s?__biz=MzI0ODE5NDU5Mw==&mid=2649549881&idx=1&sn=749855c68d7c1d6c36f44ccadc1607be&chksm=f1bc3f77c6cbb661979cc78c245355211cb807aeda5d83b626b1596859fd4a1ba1091399e75f&scene=21#wechat_redirect
134,中国社交网络当前三大主要矛盾,2020-10-30,http://mp.weixin.qq.com/s?__biz=MzI0ODE5NDU5Mw==&mid=2649549865&idx=1&sn=844448de3ccfe61a456a9bca4fab46f2&chksm=f1bc3f67c6cbb671ea770f9b589f530c6d77c11f73d49d94986a20f397d3fd5fa6f9741c9a6f&scene=21#wechat_redirect
133,民粹主义改造美国（增补完整版）,2020-10-29,http://mp.weixin.qq.com/s?__biz=MzI0ODE5NDU5Mw==&mid=2649549854&idx=1&sn=31596b8ea7de7dd2dfaef01b519ad489&chksm=f1bc3f50c6cbb646931559540d16a1348e5fd7fa2808ce59af284cb80f44132eb086bb00a900&scene=21#wechat_redirect
132,民粹主义如何改造美国——及其对中美关系的影响（三）,2020-10-28,http://mp.weixin.qq.com/s?__biz=MzI0ODE5NDU5Mw==&mid=2649549848&idx=1&sn=75dda197a2850e6b217369b96dcd07e0&chksm=f1bc3f56c6cbb64050b408f24542bb9773f8cbafb511e793672602edf789034916cbbdea10ac&scene=21#wechat_redirect
131,TikTok交易迎来新的挑战,2020-10-01,http://mp.weixin.qq.com/s?__biz=MzI0ODE5NDU5Mw==&mid=2649549838&idx=1&sn=e327acf875c40791e0e333b775989827&chksm=f1bc3f40c6cbb656fed4af8ae93825779446943db712fd6adefedd42809b3adf87ded887c693&scene=21#wechat_redirect
130,“云在本国，爱在本国”，新时代下的“互惠”——TikTok交易简评,2020-09-20,http://mp.weixin.qq.com/s?__biz=MzI0ODE5NDU5Mw==&mid=2649549835&idx=1&sn=1fb8bd6bb0cb5b53b1e0d3a29b66a367&chksm=f1bc3f45c6cbb65357993247b9c47695a03d07374fbc257c38cecf8832ca2e009c68bbf089ae&scene=21#wechat_redirect
129,王兴能否去跑一星期外卖？,2020-09-14,http://mp.weixin.qq.com/s?__biz=MzI0ODE5NDU5Mw==&mid=2649549830&idx=1&sn=88b2cb92afbf2d074539b7a892f392c0&chksm=f1bc3f48c6cbb65e672b9d537a99a108f80730b993eabe13bd5d05f6358024ee9f50899e3dcb&scene=21#wechat_redirect
128,外卖平台的未来,2020-09-09,http://mp.weixin.qq.com/s?__biz=MzI0ODE5NDU5Mw==&mid=2649549825&idx=1&sn=de19e88f670d8bd628243d844d2cf6ae&chksm=f1bc3f4fc6cbb659ef7ef35ec850e3a2d68c1d536915daf1792369de6f69718a003d58c122ed&scene=21#wechat_redirect
127,美国衰落了吗？——全球化系列文章导读,2020-09-07,http://mp.weixin.qq.com/s?__biz=MzI0ODE5NDU5Mw==&mid=2649549820&idx=1&sn=9f2fd9c50f3d46d0420196e518464077&chksm=f1bc38b2c6cbb1a4dc56ff6f35a96aa4d3b9f4a8e28221cd1ffb9f9c8cd2f8d69b970ee6d5f3&scene=21#wechat_redirect
126,美国贸易法律合规体系的危机，去美化和国产替代,2020-09-04,http://mp.weixin.qq.com/s?__biz=MzI0ODE5NDU5Mw==&mid=2649549816&idx=1&sn=35dc0ecaed8918422495db55e2025ddb&chksm=f1bc38b6c6cbb1a0c0f8abf788cc075a3a69bf0358c868f06bef0c9df91cf24c2e4fe65855fa&scene=21#wechat_redirect
125,贺锦丽对拜登来说是一个好的选择吗？,2020-08-17,http://mp.weixin.qq.com/s?__biz=MzI0ODE5NDU5Mw==&mid=2649549812&idx=1&sn=b43429b59ce2a03ba63e3a15eadfc680&chksm=f1bc38bac6cbb1acbfcd59acf6891a4ee84a99968d0c5d8f5f362561e580008481b176bd0748&scene=21#wechat_redirect
124,拜登的选情到底怎样了,2020-08-11,http://mp.weixin.qq.com/s?__biz=MzI0ODE5NDU5Mw==&mid=2649549806&idx=1&sn=1bd0813dd76f838191c444004a66d6eb&chksm=f1bc38a0c6cbb1b6d13d02d8272e55f32d1cd315652c90f4cd1263aa01ff40f3c782c70fd441&scene=21#wechat_redirect
123,民粹主义如何改造美国——及其对中美关系的影响（二）,2020-08-10,http://mp.weixin.qq.com/s?__biz=MzI0ODE5NDU5Mw==&mid=2649549800&idx=1&sn=317085023c3012fc159838a53a7d17d6&chksm=f1bc38a6c6cbb1b01b9f89b1dd118500c307f177672944c01b73ba25992c9e864c94e991655b&scene=21#wechat_redirect
122,我们会等待，凤凰涅槃，麒麟复归,2020-08-08,http://mp.weixin.qq.com/s?__biz=MzI0ODE5NDU5Mw==&mid=2649549799&idx=1&sn=3c11396b2163b27b61ccc70c615f525b&chksm=f1bc38a9c6cbb1bf58d559180122c314d7167b0115ddcc71d456bd2356d8a1aaaf0e0e6eff0c&scene=21#wechat_redirect
121,关于WeChat的美国禁令到底讲了什么？,2020-08-07,http://mp.weixin.qq.com/s?__biz=MzI0ODE5NDU5Mw==&mid=2649549793&idx=1&sn=fa789942c50cba0cd51950c061051ce0&chksm=f1bc38afc6cbb1b9d080185ca9d52fc93557f87347838f98d66ed9bd495b3d33274fc902930b&scene=21#wechat_redirect
120,从Tiktok看中国企业当前的全球化困局,2020-08-04,http://mp.weixin.qq.com/s?__biz=MzI0ODE5NDU5Mw==&mid=2649549785&idx=1&sn=c1a006a7f83f6221793033cb0bb607a3&chksm=f1bc3897c6cbb1812e6f558025bd1787d4a20881c989558b5392e64ef7ddf03a302fffda3b23&scene=21#wechat_redirect
119,民粹主义如何改造美国——及其对中美关系的影响（一）,2020-08-03,http://mp.weixin.qq.com/s?__biz=MzI0ODE5NDU5Mw==&mid=2649549777&idx=1&sn=26313b2eee1da253f25547498fec0253&chksm=f1bc389fc6cbb189300d19d989b66caedea22078e2d7257f569f78503d63faeb0e833ba012f6&scene=21#wechat_redirect
118,“外来人”的疫情——全球化下的食品行业,2020-06-24,http://mp.weixin.qq.com/s?__biz=MzI0ODE5NDU5Mw==&mid=2649549769&idx=1&sn=6379ab4a1f18e2d6fd499e511b6756a5&chksm=f1bc3887c6cbb191fa91d513c82059988c00e35c1b5d008d5e26b62c0396c56c4a4ff40995cd&scene=21#wechat_redirect
117,回顾历史，寻找共识,2020-06-05,http://mp.weixin.qq.com/s?__biz=MzI0ODE5NDU5Mw==&mid=2649549763&idx=1&sn=a94f5d004b8b7a2c00f9a76bfe85b0fb&chksm=f1bc388dc6cbb19b617dcfb74f90d700961a8fa8b6c0557ccba622f03c64165034ed30b8134f&scene=21#wechat_redirect
116,美参议院通过中概股法案,2020-05-21,http://mp.weixin.qq.com/s?__biz=MzI0ODE5NDU5Mw==&mid=2649549756&idx=1&sn=76ad8ff67edd6120cc5f0518726ff45a&chksm=f1bc38f2c6cbb1e4c6a9ec04605878eed38590d241e4c362f3ae2aeeaf8a0abe7a375d4d920c&scene=21#wechat_redirect
115,瑞幸事件发出的警报，还没有引起中概股企业的足够重视,2020-04-28,http://mp.weixin.qq.com/s?__biz=MzI0ODE5NDU5Mw==&mid=2649549732&idx=1&sn=afe391edd013009de8971879deeab8c2&chksm=f1bc38eac6cbb1fca7a92097a95af8a3efc9ff7759480f58591e9db1070235adab31341007e7&scene=21#wechat_redirect
114,胡佛往事,2020-04-26,http://mp.weixin.qq.com/s?__biz=MzI0ODE5NDU5Mw==&mid=2649549723&idx=1&sn=de27b339360ae2245fd02d6c7d4e153f&chksm=f1bc38d5c6cbb1c3dcb6797246a7f8ebe4a90d8a7feba76583bfcfd281c1d800b33f6eda3c5f&scene=21#wechat_redirect
113,让我们恢复一点互联网交流的优良传统可好？,2020-04-15,http://mp.weixin.qq.com/s?__biz=MzI0ODE5NDU5Mw==&mid=2649549715&idx=1&sn=37ab766e362f4d1a963ee98b7d295843&chksm=f1bc38ddc6cbb1cb0c99487bea7a361073da85af5b5d51c7baa139402e8dcc44cb2232c8bfe4&scene=21#wechat_redirect
112,本公众号文章一览,2020-04-14,http://mp.weixin.qq.com/s?__biz=MzI0ODE5NDU5Mw==&mid=2649549710&idx=1&sn=a001aec91e8e8d2db6f121ecd0a741e0&chksm=f1bc38c0c6cbb1d6001afeca6f1ca5ede39e582d2f1e023a2205d3f83574868f7703b05f40b4&scene=21#wechat_redirect
111,全球化的重构,2020-04-13,http://mp.weixin.qq.com/s?__biz=MzI0ODE5NDU5Mw==&mid=2649549706&idx=1&sn=8a356e6153def73a8b41f3828434febf&chksm=f1bc38c4c6cbb1d2da337660c3b26f40ca8d712271cfe958351c03f8fdf104c634dfaa7eb6f9&scene=21#wechat_redirect
110,深度全球化与中美之争（上）,2020-04-12,http://mp.weixin.qq.com/s?__biz=MzI0ODE5NDU5Mw==&mid=2649549702&idx=1&sn=8e03b3b44285ede137c2dfb8033ab5d5&chksm=f1bc38c8c6cbb1de0e519ad47c416102f0088aaf59f5d432b9bbb197b99fb844bb6f77b45494&scene=21#wechat_redirect
109,为什么很多人反对“方方日记”在海外出版,2020-04-11,http://mp.weixin.qq.com/s?__biz=MzI0ODE5NDU5Mw==&mid=2649549697&idx=1&sn=dccafcbe84e2b5a7771852678dc61450&chksm=f1bc38cfc6cbb1d9bd01317732d9b09407515b7b1743a8caf9a05881617aa348e1d7e42767d9&scene=21#wechat_redirect
108,中国年轻一代，请尽快超越“公知与五毛之争”,2020-04-06,http://mp.weixin.qq.com/s?__biz=MzI0ODE5NDU5Mw==&mid=2649549693&idx=1&sn=7f729f78935bdf1a5c583c54ad819a8a&chksm=f1bc3833c6cbb125b2bdc64ec36f5a32c12f7184ea463cf3adccfa8b56341769c08b8ec4f882&scene=21#wechat_redirect
107,《超越陷阱》出版了,2020-04-05,http://mp.weixin.qq.com/s?__biz=MzI0ODE5NDU5Mw==&mid=2649549689&idx=1&sn=82df9b019e44120c0085092bc3019457&chksm=f1bc3837c6cbb121e67a1f497ae2c9ad1821205ed495cfc73a826d333d28e5c4d68d438184b9&scene=21#wechat_redirect
106,民间力量、专业主义和不同的声音,2020-04-03,http://mp.weixin.qq.com/s?__biz=MzI0ODE5NDU5Mw==&mid=2649549680&idx=1&sn=53137b87aad0fecb45d5624c19564d4d&chksm=f1bc383ec6cbb128696a4f69f649b3bcc224d52ee80c7f52f34500321924dc1bfd13e3468849&scene=21#wechat_redirect
105,在自信满满救全球之前，还是先做好国内医疗物资的储备吧,2020-03-30,http://mp.weixin.qq.com/s?__biz=MzI0ODE5NDU5Mw==&mid=2649549676&idx=1&sn=eaa5d0cd96b76b244f31c539b2dc1a42&chksm=f1bc3822c6cbb134d0ef60bdb530191001872422e89370ede0908906cac1286c159474083155&scene=21#wechat_redirect
104,面对疫情全球化，海内外华人还能做什么？,2020-03-17,http://mp.weixin.qq.com/s?__biz=MzI0ODE5NDU5Mw==&mid=2649549667&idx=1&sn=c2cfcc90967a18437b15d6557ec5c6f5&chksm=f1bc382dc6cbb13be077b1154f6ffa177e9dabafddbf376daccd469a44600ee8f2f903829ff8&scene=21#wechat_redirect
103,我们为什么要关心海外疫情的进展,2020-03-15,http://mp.weixin.qq.com/s?__biz=MzI0ODE5NDU5Mw==&mid=2649549663&idx=1&sn=ab8627e1d9c92e444b28f7fba9ef571b&chksm=f1bc3811c6cbb1075a6d620a38451e8f5603c5133e32533c2f1fd6048574b57c5a1b3bf23bf6&scene=21#wechat_redirect
102,译文飞扬，旷古奇篇,2020-03-11,http://mp.weixin.qq.com/s?__biz=MzI0ODE5NDU5Mw==&mid=2649549659&idx=1&sn=7d245e8caff1ac1698ee5c5386a2c767&chksm=f1bc3815c6cbb103fa274bac8880d54e4e3248f9d0358c2ab064bb09c0da929e1309041a299c&scene=21#wechat_redirect
101,全球化的病毒，全球化的幽灵,2020-03-09,http://mp.weixin.qq.com/s?__biz=MzI0ODE5NDU5Mw==&mid=2649549653&idx=1&sn=b6231776206f2d3f5799681dc2d0ca0f&chksm=f1bc381bc6cbb10d3335e463fc4730ca69f33e5d9bd8384d1af35837eafb12468d944c867ab7&scene=21#wechat_redirect
100,应对新冠疫情的个人小结,2020-02-17,http://mp.weixin.qq.com/s?__biz=MzI0ODE5NDU5Mw==&mid=2649549648&idx=1&sn=b1dcccd6843acb70cfe6e38ce9071b5c&chksm=f1bc381ec6cbb108ffa537497508aa5529e99264b0147c7af534d659229133a792cdeaa5bad6&scene=21#wechat_redirect
99,关于应对非冠疫情返工潮的几点建议,2020-02-06,http://mp.weixin.qq.com/s?__biz=MzI0ODE5NDU5Mw==&mid=2649549639&idx=1&sn=62169cd62b3201e62185ab7c57d5f555&chksm=f1bc3809c6cbb11fb89b5a1c96356c3a82293412dac97102334f9f8b5c3654ca617e4612c7d8&scene=21#wechat_redirect
98,没有任何法律规定医疗捐赠必须经过红十字会——对当前医疗物资捐赠工作的几点建议,2020-02-01,http://mp.weixin.qq.com/s?__biz=MzI0ODE5NDU5Mw==&mid=2649549633&idx=1&sn=bee9a5592085f6a15e6199ba995dbc69&chksm=f1bc380fc6cbb1198151b1a4b6c35e4768439c9c16e8524fa17420b696f8474078004f1fe03d&scene=21#wechat_redirect
97,传染病防控是一场人人有责的全民战役,2020-01-21,http://mp.weixin.qq.com/s?__biz=MzI0ODE5NDU5Mw==&mid=2649549620&idx=1&sn=f4f75574b16dbeff941c8ab121197ff9&chksm=f1bc387ac6cbb16c3bd272907392c591d104cdaa7c8dcbbf0c93976343b3dd5efe8853ef339f&scene=21#wechat_redirect
96,包容多元与文明冲突,2020-01-17,http://mp.weixin.qq.com/s?__biz=MzI0ODE5NDU5Mw==&mid=2649549609&idx=1&sn=7de75ac1d6ee287a589b62fa7be6fb8c&chksm=f1bc3867c6cbb17108df5d969f271ee9da5a8d3c7482bf16d162d0234db9ad89b7f55a517d41&scene=21#wechat_redirect
95,美伊不确定性中的相对确定,2020-01-09,http://mp.weixin.qq.com/s?__biz=MzI0ODE5NDU5Mw==&mid=2649549602&idx=1&sn=43bad1576fc9422c8724c43613633c47&chksm=f1bc386cc6cbb17afabc733ff39e093c1480dbe491809ef31f9880b5dec7f39820e49b5c7ce9&scene=21#wechat_redirect
94,伊朗问题的各位伪专家们，歇歇吧,2020-01-08,http://mp.weixin.qq.com/s?__biz=MzI0ODE5NDU5Mw==&mid=2649549588&idx=1&sn=f346e00956e59f30480ec2f9e301fe63&chksm=f1bc385ac6cbb14ce9c154d1e16f9deed1e3c6efa82a19bb8b12128bc056aa65ccb50ce8a903&scene=21#wechat_redirect
93,“按闹分配”是对暴民的纵容、对人民的伤害,2019-12-29,http://mp.weixin.qq.com/s?__biz=MzI0ODE5NDU5Mw==&mid=2649549582&idx=1&sn=f61cb32fcf1ea2ef64e3dbcf4e72c9e5&chksm=f1bc3840c6cbb156864c3e6263c83370afe5feb4c2d2a078dd7ac11d9b42565c0789b91ea07e&scene=21#wechat_redirect
92,让我们一起为孙大娘祈祷,2019-12-28,http://mp.weixin.qq.com/s?__biz=MzI0ODE5NDU5Mw==&mid=2649549573&idx=1&sn=987da81cf8b46338e6aacfdd5510f0f4&chksm=f1bc384bc6cbb15d7116ee2191e74e7377e6ecfa89d2d6ecd02ee1f9650899bdacf9e2b913a9&scene=21#wechat_redirect
91,微信团队的一小步，可能是公众号生态的一大步,2019-12-12,http://mp.weixin.qq.com/s?__biz=MzI0ODE5NDU5Mw==&mid=2649549568&idx=1&sn=cf227a5a93d5b77e7430ba686a59f799&chksm=f1bc384ec6cbb158cc9fb0037ba97337e105d81dee042611dc2b3cc1338dbc4bb4ec2d22921f&scene=21#wechat_redirect
90,对微信公众号内容审核机制的改进建议,2019-12-11,http://mp.weixin.qq.com/s?__biz=MzI0ODE5NDU5Mw==&mid=2649549559&idx=1&sn=68007b52ae4aea790a265b75ea2c3bb9&chksm=f1bc39b9c6cbb0afa7bc0d1885efe60b17f6ebca02d6cb4048ad11a139d32e9600af3f94d4c7&scene=21#wechat_redirect
89,华为李洪元事件最不好的结果就是“到此为止”,2019-12-04,http://mp.weixin.qq.com/s?__biz=MzI0ODE5NDU5Mw==&mid=2649549549&idx=1&sn=ae65b54ebd92367229f26b0d9f8d9f5d&chksm=f1bc39a3c6cbb0b5bb262cf8c710c79ecfeef22edcf7b94df38f58f86c0c6788893de82496e1&scene=21#wechat_redirect
88,对香港，放下包袱，向前看,2019-11-29,http://mp.weixin.qq.com/s?__biz=MzI0ODE5NDU5Mw==&mid=2649549544&idx=1&sn=4e089ede77dccb43c13136ff64f65425&chksm=f1bc39a6c6cbb0b01bdb982c0a2f617706f8536e292e2daaca1aa50abe8beb7310cb6edc9a33&scene=21#wechat_redirect
87,西方文明在世界中的地位,2019-11-26,http://mp.weixin.qq.com/s?__biz=MzI0ODE5NDU5Mw==&mid=2649549539&idx=1&sn=ca2eb2c8d5cfe769dd1e08052e3c91b2&chksm=f1bc39adc6cbb0bb3e490eb3ba293ed2e7b81ca39717c7dd2daff7250cc75125473a7d701437&scene=21#wechat_redirect
86,说书人的新时代——互联网地摊学术时代,2019-11-19,http://mp.weixin.qq.com/s?__biz=MzI0ODE5NDU5Mw==&mid=2649549528&idx=1&sn=d6aee2f38193e03bc2529414d9414718&chksm=f1bc3996c6cbb080b1dd2a68677875fef7ff8db5a605cc3df5b1188205a9d8c4fdb36bfc7c86&scene=21#wechat_redirect
85,关于《文明边缘的香港》一文的说明,2019-11-15,http://mp.weixin.qq.com/s?__biz=MzI0ODE5NDU5Mw==&mid=2649549521&idx=1&sn=5c106bf1bb4aaec653f1b4e1dd6813bb&chksm=f1bc399fc6cbb089cc6fae67327daac391c01c6e7bfa45d065aee6805975c4969aed7a9d40a0&scene=21#wechat_redirect
84,对当前经济方面一些流行观点的认识,2019-10-22,http://mp.weixin.qq.com/s?__biz=MzI0ODE5NDU5Mw==&mid=2649549500&idx=1&sn=b7fdfe2e6651e27bdbaa2551514d81e2&chksm=f1bc39f2c6cbb0e4cb3c0a03395050dcf9a7dd50444e1a8216e026de10029129823574ab5b6d&scene=21#wechat_redirect
83,时代变迁,2019-10-10,http://mp.weixin.qq.com/s?__biz=MzI0ODE5NDU5Mw==&mid=2649549496&idx=1&sn=8be3088d5367d0fe791ba875c4b663e8&chksm=f1bc39f6c6cbb0e080bec81abbdd8668bed7fa38783ccdaf97411f88d72482497a41d3782b7f&scene=21#wechat_redirect
82,民富国强靠的是脚踏实地,2019-09-29,http://mp.weixin.qq.com/s?__biz=MzI0ODE5NDU5Mw==&mid=2649549493&idx=1&sn=629ed1e99cd082f541db45b544899246&chksm=f1bc39fbc6cbb0ed88c967fa42ca1b36e23db1a91ac9b800c0e49801b0ddf76f771608540a9f&scene=21#wechat_redirect
81,全球化下的商超史,2019-09-15,http://mp.weixin.qq.com/s?__biz=MzI0ODE5NDU5Mw==&mid=2649549481&idx=1&sn=0fd8e6e58db63771d8ee0ce1ac348079&chksm=f1bc39e7c6cbb0f1e9fe1a1efce60987e285e99d90b41e77bcf4ace05db8de6c38bfa752267d&scene=21#wechat_redirect
80,互联网与民主,2019-08-21,http://mp.weixin.qq.com/s?__biz=MzI0ODE5NDU5Mw==&mid=2649549478&idx=1&sn=4c61e1ebc282c60033670fc34b2180b1&chksm=f1bc39e8c6cbb0fe7dc330eae7e48233b616ecadba7b8fd7cf0fe485b945f4ad1a78d3fe6185&scene=21#wechat_redirect
79,香港的解药,2019-08-19,http://mp.weixin.qq.com/s?__biz=MzI0ODE5NDU5Mw==&mid=2649549474&idx=1&sn=f2f5b44f008df70dc68c25786eb88e30&chksm=f1bc39ecc6cbb0fa21ebaa9322790125ee4dc2f41e08f04059998199a293a2d6ff17604c79a7&scene=21#wechat_redirect
78,香港不值得,2019-08-02,http://mp.weixin.qq.com/s?__biz=MzI0ODE5NDU5Mw==&mid=2649549464&idx=1&sn=34bb192d5190c40f4e4225372f8ae187&chksm=f1bc39d6c6cbb0c06d2e20777c0ecb55f7de6ddc0e923f8c11d6d001b708c71ff5a62e52c255&scene=21#wechat_redirect
77,美商务部放开对华为出口许可的表态（Ross讲话全文译）,2019-07-10,http://mp.weixin.qq.com/s?__biz=MzI0ODE5NDU5Mw==&mid=2649549459&idx=1&sn=72a253797c831210f6c2157e378374e1&chksm=f1bc39ddc6cbb0cbb6ab0aca1cffce0803511348decf5957ca1235b856c5b5c043bdb6649430&scene=21#wechat_redirect
76,一战爆发的国际背景,2019-07-05,http://mp.weixin.qq.com/s?__biz=MzI0ODE5NDU5Mw==&mid=2649549455&idx=1&sn=63ed87fbe0d064e081352986c25af0a3&chksm=f1bc39c1c6cbb0d79db17ec938260b71ee00f1fdb669273c61550edd7c72cf1135d62d183b0f&scene=21#wechat_redirect
75,认识论与思想观念,2019-06-28,http://mp.weixin.qq.com/s?__biz=MzI0ODE5NDU5Mw==&mid=2649549446&idx=1&sn=a49ac542ce2ccdaf1d3fed413de23f17&chksm=f1bc39c8c6cbb0de0a8f53ce68b443abfbece6f345bc690f1be72d1cf558b397b1f37a35d2f4&scene=21#wechat_redirect
74,庶民的研究,2019-06-14,http://mp.weixin.qq.com/s?__biz=MzI0ODE5NDU5Mw==&mid=2649549440&idx=1&sn=a1fd92abe34c0eaee8c5ccbc0ae94e06&chksm=f1bc39cec6cbb0d8f42cb035b82ceedb80c297f27762f6f0f28203c3216e9cd8f8227dd0affc&scene=21#wechat_redirect
73,关于社科院美国所所长吴白乙剽窃本公号观点的声明,2019-06-10,http://mp.weixin.qq.com/s?__biz=MzI0ODE5NDU5Mw==&mid=2649549432&idx=1&sn=1b9dc392581b5cbbe745004de3460b6e&chksm=f1bc3936c6cbb020f1407f9cf32aaad7a79024afeb3c48330d8b41c96f6f4f75b440f524f8ae&scene=21#wechat_redirect
72,行万里路，读万卷书,2019-06-05,http://mp.weixin.qq.com/s?__biz=MzI0ODE5NDU5Mw==&mid=2649549424&idx=1&sn=f1a1bfd0dd8bc71f1785c8baa99305c7&chksm=f1bc393ec6cbb0284056602d4fcd176f611bf5b85336f1c936be4004b92a764ac5a3272d2ad5&scene=21#wechat_redirect
71,刘强东事件，媒体应有基本职业操守,2019-04-24,http://mp.weixin.qq.com/s?__biz=MzI0ODE5NDU5Mw==&mid=2649549409&idx=1&sn=a36985a8813424acd19f8f107b419726&chksm=f1bc392fc6cbb039710b5e91ba8e39911f161a885f45b387e2fa4e0e5fa31a738eec23ad242e&scene=21#wechat_redirect
70,写给996企业中不同的人们,2019-04-17,http://mp.weixin.qq.com/s?__biz=MzI0ODE5NDU5Mw==&mid=2649549406&idx=1&sn=95710e67d0f52ae39504791ab83a7cda&chksm=f1bc3910c6cbb006462899c6a237731f6b33e0da730919a8b3a26c3c58021384b46ce0592d5f&scene=21#wechat_redirect
69,奋斗者与996,2019-04-15,http://mp.weixin.qq.com/s?__biz=MzI0ODE5NDU5Mw==&mid=2649549403&idx=1&sn=65e6d6c26b76d076ecfbeba29a070557&chksm=f1bc3915c6cbb003df7db6734ec9171841c4d16fd838c50de421d184b19af609413f879b9545&scene=21#wechat_redirect
68,视觉中国的买卖，真的合法吗？,2019-04-12,http://mp.weixin.qq.com/s?__biz=MzI0ODE5NDU5Mw==&mid=2649549397&idx=1&sn=206a1ffeb0df541847da65e5230935a1&chksm=f1bc391bc6cbb00d3f1f86a9461bbfd37f2d3b47f104f428c4e05c8141b6fc616ca31c7df723&scene=21#wechat_redirect
67,成都七中食品事件背后的法律问题和制度建议,2019-03-14,http://mp.weixin.qq.com/s?__biz=MzI0ODE5NDU5Mw==&mid=2649549394&idx=1&sn=73435f8d61cea2b2d27a91969bfbf26c&chksm=f1bc391cc6cbb00a2de1452b5412dba0cb12c31ee32bcc4e340f3eaf80f68b3c5beb851e8846&scene=21#wechat_redirect
66,如何看待产业互联网,2019-03-11,http://mp.weixin.qq.com/s?__biz=MzI0ODE5NDU5Mw==&mid=2649549389&idx=1&sn=3fb4f97dd9cb419657076d4f3c17de06&chksm=f1bc3903c6cbb01500bf0e2e3aeff4e3d18ed57bcc4b883b2e86d5f9730d5d6b3df508fcbc90&scene=21#wechat_redirect
65,一把韭菜的心声,2019-03-05,http://mp.weixin.qq.com/s?__biz=MzI0ODE5NDU5Mw==&mid=2649549381&idx=1&sn=8ca308fa1a5f3167dae17d2f6ba74af1&chksm=f1bc390bc6cbb01d8cd13cb8876c0b21cee9cd4b3f24a288c794455fe6981fe9498252c5fead&scene=21#wechat_redirect
64,日本老龄化小城富山的见闻,2019-02-11,http://mp.weixin.qq.com/s?__biz=MzI0ODE5NDU5Mw==&mid=2649549376&idx=1&sn=4c8c96c439e2766e3d93a5e891c3403c&chksm=f1bc390ec6cbb0186130cb87c60c8dc2983a3cd70db173c30fe839f79f765f3d0c653e475cde&scene=21#wechat_redirect
63,《千与千寻》的隐喻,2019-01-21,http://mp.weixin.qq.com/s?__biz=MzI0ODE5NDU5Mw==&mid=2649549373&idx=1&sn=b6da098635e59824f4d463cc79ce85d3&chksm=f1bc3973c6cbb065063067f2c77f742acd989c2356ebd246e2825dbce6025d02514d1b2c9b46&scene=21#wechat_redirect
62,从报复社会的事件中应该反思什么,2019-01-08,http://mp.weixin.qq.com/s?__biz=MzI0ODE5NDU5Mw==&mid=2649549311&idx=1&sn=81d52cf7cbe66fe405f93f40afd15ae7&chksm=f1bc3ab1c6cbb3a7ae90a46a010f32863671cd28fae9b84f9e1c2158647b9652044ba2cc4f39&scene=21#wechat_redirect
61,ofo的今天，你们的明天,2018-12-21,http://mp.weixin.qq.com/s?__biz=MzI0ODE5NDU5Mw==&mid=2649549306&idx=1&sn=06c55d29c72b2343b0b712fe2cca99df&chksm=f1bc3ab4c6cbb3a2724413a2bf6891116898de4dddf60917277cbd69725ec35e014dadd3f18a&scene=21#wechat_redirect
60,说说被删除的文章,2018-12-13,http://mp.weixin.qq.com/s?__biz=MzI0ODE5NDU5Mw==&mid=2649549299&idx=1&sn=ee58374866560fbc0c8002a5f36791a0&chksm=f1bc3abdc6cbb3ab2ca4c0e7d44f9de8cbf598b9a3deef3c675de6ce6da347de42a4fd9d75d9&scene=21#wechat_redirect
59,是时候再谈谈房价了,2018-12-05,http://mp.weixin.qq.com/s?__biz=MzI0ODE5NDU5Mw==&mid=2649549290&idx=1&sn=b03a2eb89182d010f36a1d870afeecde&chksm=f1bc3aa4c6cbb3b298c56ab7335600b7c9130bdea6793d0799c756f0cba07f9f01a1c60e1b9d&scene=21#wechat_redirect
58,作为红黄蓝暴跌的“始作俑者”，我想讲两句,2018-11-17,http://mp.weixin.qq.com/s?__biz=MzI0ODE5NDU5Mw==&mid=2649549285&idx=1&sn=22b2b81143a16700be9e71043bc5ac03&chksm=f1bc3aabc6cbb3bd360fbedea285cea3844322ab7f988d436267f8ab7e4a53f92f68a47cea92&scene=21#wechat_redirect
57,商业医疗保险应当如何购买？,2018-11-12,http://mp.weixin.qq.com/s?__biz=MzI0ODE5NDU5Mw==&mid=2649549281&idx=1&sn=97b1fc281da70452708f8cd97297fb14&chksm=f1bc3aafc6cbb3b911b79cd32a96f0f8f3d962fa9e26923e70219ef89bb47be48561f9fbb489&scene=21#wechat_redirect
56,《百年世事》读书笔记一则,2018-10-23,http://mp.weixin.qq.com/s?__biz=MzI0ODE5NDU5Mw==&mid=2649549272&idx=1&sn=8333b7fb074055dc151d8baea3657c4a&chksm=f1bc3a96c6cbb380bb377ac8b3bebc69a649a42153a316ae0cddeb0df4871c1623ac5a37e896&scene=21#wechat_redirect
55,《战后日本史》读书笔记一则,2018-09-29,http://mp.weixin.qq.com/s?__biz=MzI0ODE5NDU5Mw==&mid=2649549108&idx=1&sn=416431474880b8799c76b9aaa6aad218&chksm=f1bc3a7ac6cbb36c83757121d08091734cabcf4c9f28418c19d9309503c9fb945ace8fc4806b&scene=21#wechat_redirect
54,究竟哪些民营企业不容易,2018-09-12,http://mp.weixin.qq.com/s?__biz=MzI0ODE5NDU5Mw==&mid=2649549105&idx=1&sn=2fd30dfe2c44fe25c5e2d562d3fc8640&chksm=f1bc3a7fc6cbb369ccb5ef3afb57cbfd4e67a6d44d93a4422a3b31901e91327b1240719194c4&scene=21#wechat_redirect
53,“15:30后校内托管班”，请向深圳看齐！,2018-09-06,http://mp.weixin.qq.com/s?__biz=MzI0ODE5NDU5Mw==&mid=2649549101&idx=1&sn=3d16dc57f70292fc9a8b9058f12229c9&chksm=f1bc3a63c6cbb375624e0e87444bd19c4d2ccd5ebe3e45073abc08e5b3b0d4662f82e32c07b8&scene=21#wechat_redirect
52,为什么让电商平台承担连带责任是对的——致傅蔚冈研究员,2018-08-31,http://mp.weixin.qq.com/s?__biz=MzI0ODE5NDU5Mw==&mid=2649549089&idx=1&sn=289fe89d8463ac5cca45eab7f6d9279d&chksm=f1bc3a6fc6cbb37915dc20e7591d4b154a35e1d6149776911bf72b8ecef91f235568f2295e10&scene=21#wechat_redirect
51,《电子商务法》对消费者的保护将大打折扣,2018-08-30,http://mp.weixin.qq.com/s?__biz=MzI0ODE5NDU5Mw==&mid=2649549084&idx=1&sn=532d8f75e54664da1e11d870a41469c1&chksm=f1bc3a52c6cbb344b22a56739d06c2596318a7fe25218d5cdaddc1bb16916a64a63b1f89fcab&scene=21#wechat_redirect
50,是时候加重互联网平台的法律责任了,2018-08-29,http://mp.weixin.qq.com/s?__biz=MzI0ODE5NDU5Mw==&mid=2649549076&idx=1&sn=c5c0699b70445587e412f93a6d165ee7&chksm=f1bc3a5ac6cbb34c041b34b6552e6bb58dc3e98dfb47ad6788f996f9009d6a7c7f776a37efab&scene=21#wechat_redirect
49,又见滴滴殒命,2018-08-25,http://mp.weixin.qq.com/s?__biz=MzI0ODE5NDU5Mw==&mid=2649549072&idx=1&sn=b05c347473cfe7ff60bd2d2de363c79b&chksm=f1bc3a5ec6cbb348cf3dcf9800a775a80452630812eb104e33004f3d0879a5a81004911f938d&scene=21#wechat_redirect
48,扩大公共教育供给，应当义无反顾,2018-08-24,http://mp.weixin.qq.com/s?__biz=MzI0ODE5NDU5Mw==&mid=2649549070&idx=1&sn=ffeff0560e22343c75d76d212c468d29&chksm=f1bc3a40c6cbb3560635cf22d1960141b9371a4b05cd6bebe8bc144e5101916c163eccc64583&scene=21#wechat_redirect
47,如何才能控制房租？,2018-08-20,http://mp.weixin.qq.com/s?__biz=MzI0ODE5NDU5Mw==&mid=2649549066&idx=1&sn=2a12c8b9e7d9cd911b57359ac7c1cb6c&chksm=f1bc3a44c6cbb352a909178a719cdcca84ffecb5df10fd1b99a53d0cc1624624ca4450fc920a&scene=21#wechat_redirect
46,克制的文章“终于”被删了,2018-08-19,http://mp.weixin.qq.com/s?__biz=MzI0ODE5NDU5Mw==&mid=2649549062&idx=1&sn=8ff91c6528f7f504d89eceae6f690bc8&chksm=f1bc3a48c6cbb35edcf4683f72031ebcca1d187f72bccfb9a2541a51e6fcc6e0a84ed3d03f94&scene=21#wechat_redirect
45,房地产税会很快开征吗？,2018-08-15,http://mp.weixin.qq.com/s?__biz=MzI0ODE5NDU5Mw==&mid=2649549055&idx=1&sn=823caaa33fa9c1bb21469d9310adb0bf&chksm=f1bc3bb1c6cbb2a7a4839f223befacc69fa29046c84fa41ffcd878544f991c3637abf3d2d720&scene=21#wechat_redirect
44,关于电商平台问题的调研,2018-08-14,http://mp.weixin.qq.com/s?__biz=MzI0ODE5NDU5Mw==&mid=2649549052&idx=1&sn=241b6906e7f11369515fe33e99ca28ef&chksm=f1bc3bb2c6cbb2a47c38a0c3e3a7033ab28806ff83338ffe914bc070b0bdd0d43bfa7fad551a&scene=21#wechat_redirect
43,修法提速，中国教育资本化退潮,2018-08-13,http://mp.weixin.qq.com/s?__biz=MzI0ODE5NDU5Mw==&mid=2649549048&idx=1&sn=4cda6d030591ed0c355db3a7f5991ab3&chksm=f1bc3bb6c6cbb2a01f107db55188754f71797189cc32569e320295e62066dfc1deefe2f34c93&scene=21#wechat_redirect
42,如何才能再次“共克时艰”,2018-08-08,http://mp.weixin.qq.com/s?__biz=MzI0ODE5NDU5Mw==&mid=2649549044&idx=1&sn=1daa35d3ce3d32f6d9578d35a87a6bc6&chksm=f1bc3bbac6cbb2ac04b5abfd4e745be1865e3a087932f956d473226aa92dd87e2e1d2c958dd3&scene=21#wechat_redirect
41,舆论进步与媒体责任,2018-07-28,http://mp.weixin.qq.com/s?__biz=MzI0ODE5NDU5Mw==&mid=2649549039&idx=1&sn=57648a0c2cf67c42034218a9777034dc&chksm=f1bc3ba1c6cbb2b79a763981a78e7e843a3f201df4fb72a2872cfeb2f4d2d063877ec4ad9f90&scene=21#wechat_redirect
40,不要浪费每个公共事件,2018-07-24,http://mp.weixin.qq.com/s?__biz=MzI0ODE5NDU5Mw==&mid=2649549036&idx=1&sn=b62a2a3394bf59189921196d00bd6677&chksm=f1bc3ba2c6cbb2b4ce4c9fdd7b38e9a6f0c14beba7b60f7d18999e9f0a98fa5a54c81edeba39&scene=21#wechat_redirect
39,没有数据来源的严肃类文章，你别再读了,2018-07-11,http://mp.weixin.qq.com/s?__biz=MzI0ODE5NDU5Mw==&mid=2649549032&idx=1&sn=eb0a1067293189fa6ed13d04631c5cef&chksm=f1bc3ba6c6cbb2b0a27345a0f8aa3a0cc81fff3715605c148db7e19d3dd9f393800cadc42b70&scene=21#wechat_redirect
38,文明的冲突还是文明的融合？,2018-07-09,http://mp.weixin.qq.com/s?__biz=MzI0ODE5NDU5Mw==&mid=2649549027&idx=1&sn=49ebfcccc281e36a369e7f7cd8a30391&chksm=f1bc3badc6cbb2bb623d4017adcfdc0758885198f542a60646400d1e17bf3a875e94c501c63d&scene=21#wechat_redirect
37,事实、猜想、观点与反驳,2018-07-04,http://mp.weixin.qq.com/s?__biz=MzI0ODE5NDU5Mw==&mid=2649549021&idx=1&sn=74a9114c10ebaaa359747ea38eb96719&chksm=f1bc3b93c6cbb2859de1a03d9c0b1f34abcf36312ae3d52466b7af41403234271c37dcff5d79&scene=21#wechat_redirect
36,韩国财阀经济对中国的启示（终）,2018-07-01,http://mp.weixin.qq.com/s?__biz=MzI0ODE5NDU5Mw==&mid=2649549010&idx=1&sn=82e7ebaf9c1bdf5627cb257f126d7b12&chksm=f1bc3b9cc6cbb28ac393084efa603b6192fa81a48032fcc2ae4c13f6da6b401f4d6f86b7da86&scene=21#wechat_redirect
35,韩国财阀经济对中国的启示（二）,2018-06-30,http://mp.weixin.qq.com/s?__biz=MzI0ODE5NDU5Mw==&mid=2649549004&idx=1&sn=614f3d2c86249b7249aafabdc6cf4993&chksm=f1bc3b82c6cbb294221c9d2b467adec25110f24344496530bbbc80c7e67fd1b05d7a492e3867&scene=21#wechat_redirect
34,韩国财阀经济对中国的启示（一）,2018-06-29,http://mp.weixin.qq.com/s?__biz=MzI0ODE5NDU5Mw==&mid=2649549003&idx=1&sn=ede7d5d2f717f07608e157ac1a531c7c&chksm=f1bc3b85c6cbb293a77368ef0ea5f4674a1ad81fd5c00763d5968b8316857dfaa71c200e393b&scene=21#wechat_redirect
33,时代的命题,2018-05-29,http://mp.weixin.qq.com/s?__biz=MzI0ODE5NDU5Mw==&mid=2649548913&idx=1&sn=e52d0f60389af92b67726f03f2a5e6c6&chksm=f1bc3b3fc6cbb229e5f26bff5f886b7d024d312690e91b5efb1c903e468e84ee996ed8d814b0&scene=21#wechat_redirect
32,公众号的小秘密,2018-05-18,http://mp.weixin.qq.com/s?__biz=MzI0ODE5NDU5Mw==&mid=2649548908&idx=1&sn=e9c2800801b94339586c499e5d3d0a23&chksm=f1bc3b22c6cbb234673681c16faa0142de0fbf74f68c82e15f80dffa0210db87c5d12168bd2a&scene=21#wechat_redirect
31,是时候彻底反思中国的互联网经济了,2018-05-15,http://mp.weixin.qq.com/s?__biz=MzI0ODE5NDU5Mw==&mid=2649548901&idx=1&sn=fb6666b027966dde91cf1e4c3eede7ae&chksm=f1bc3b2bc6cbb23d100dd0180b5058d86fb589155766172cb77e45f7e40596e1f070b65f18fd&scene=21#wechat_redirect
30,是体制在竞争，不是企业在竞争——对中兴事件的几点思考,2018-04-26,http://mp.weixin.qq.com/s?__biz=MzI0ODE5NDU5Mw==&mid=2649548895&idx=1&sn=b348248884d622afe58391a43b4a2900&chksm=f1bc3b11c6cbb207160ba125a7a59908b999007ae6b5598dad56386b5dd6061c7ea61b06dde8&scene=21#wechat_redirect
29,1895-1933年的南非,2018-03-06,http://mp.weixin.qq.com/s?__biz=MzI0ODE5NDU5Mw==&mid=2649548890&idx=1&sn=717d29e43a46b419a76c67af9b8300a3&chksm=f1bc3b14c6cbb202a613b903759e206970175d496c7fcc11e3845b692aaa6614238f07e466e4&scene=21#wechat_redirect
28,数字货币实验的失败与区块链的兴起,2018-03-04,http://mp.weixin.qq.com/s?__biz=MzI0ODE5NDU5Mw==&mid=2649548885&idx=1&sn=7051df19623b0164a78fe3c562c33fa0&chksm=f1bc3b1bc6cbb20db72420424e1df708b57ff870733fe79e0c5f65c21a3059fbccd737229e20&scene=21#wechat_redirect
27,与赫尔曼·西蒙教授的交流,2018-02-22,http://mp.weixin.qq.com/s?__biz=MzI0ODE5NDU5Mw==&mid=2649548881&idx=1&sn=e730929869c44d9512294bec58f82211&chksm=f1bc3b1fc6cbb20991dda4f118b0411fbf91f5f027f8f1986447410f433e59a7b1e6a838cf39&scene=21#wechat_redirect
26,你不了解的俄罗斯文明史（四）,2018-02-06,http://mp.weixin.qq.com/s?__biz=MzI0ODE5NDU5Mw==&mid=2649548868&idx=1&sn=a8ab797906924a4e21e744b058d65239&chksm=f1bc3b0ac6cbb21c54520b09836450536cd3f74fa4b0e1c9c37f1e4b2110b8ad995b4c34d367&scene=21#wechat_redirect
25,你不了解的俄罗斯文明史（二）,2018-02-04,http://mp.weixin.qq.com/s?__biz=MzI0ODE5NDU5Mw==&mid=2649548862&idx=1&sn=73ab7b624159955557d1b5f2207a8a8f&chksm=f1bc3b70c6cbb26618535fb72e76f88b15d0174eca5d6a40394e8c8e54f3fe920dab1e432d63&scene=21#wechat_redirect
24,你不了解的俄罗斯文明史（一）,2018-02-03,http://mp.weixin.qq.com/s?__biz=MzI0ODE5NDU5Mw==&mid=2649548859&idx=1&sn=7a4fa4648853d57b3bb36b62b869fb2b&chksm=f1bc3b75c6cbb2632a945fdb264b352addeb9da3e476cb506c742ee8a0bd83601212c55c65e8&scene=21#wechat_redirect
23,重回实体,2018-02-02,http://mp.weixin.qq.com/s?__biz=MzI0ODE5NDU5Mw==&mid=2649548854&idx=1&sn=718c3f8eb3c1544b21fb0a331ef45dca&chksm=f1bc3b78c6cbb26e867f6b103ca0387ea22e68659cdaf33114b52ac91c28c969ce39c719e205&scene=21#wechat_redirect
22,多一些亩产英雄和隐形冠军，少一些泡沫独角兽,2018-01-31,http://mp.weixin.qq.com/s?__biz=MzI0ODE5NDU5Mw==&mid=2649548847&idx=1&sn=c767177eab13b470b30afd94dbb90c44&chksm=f1bc3b61c6cbb2779a609024e0cf19ff06fd936d0ab0491c3ab26767bef8634eaad2b9126183&scene=21#wechat_redirect
21,大都市与小城镇——都市圈的真相,2018-01-30,http://mp.weixin.qq.com/s?__biz=MzI0ODE5NDU5Mw==&mid=2649548841&idx=1&sn=0937e44961cbf29d4e5498fd031066b0&chksm=f1bc3b67c6cbb271eac6bfe83fde0e73ece53524ea5a088d9c4e090ce3eb0c43afe28ecfdfba&scene=21#wechat_redirect
20,大都市与小城镇——从东京的人口说起,2018-01-29,http://mp.weixin.qq.com/s?__biz=MzI0ODE5NDU5Mw==&mid=2649548840&idx=1&sn=e909cb2ab2cb582074c2d1a8cf7a7906&chksm=f1bc3b66c6cbb2707fa8b47e9bd7a57b3d75afc0358118f75c7c668560e136f1e597ba05eb7c&scene=21#wechat_redirect
19,共享单车的押金到底属于谁？,2017-12-21,http://mp.weixin.qq.com/s?__biz=MzI0ODE5NDU5Mw==&mid=2649548817&idx=1&sn=4a236b1edcd5069823332bf4a36adfd5&chksm=f1bc3b5fc6cbb24903de7f4c4f38b19a9cb71e4ff2fc40646f506b3e4dd5968168660d2d2826&scene=21#wechat_redirect
18,为什么应当坚持国民基础教育的非营利性,2017-11-27,http://mp.weixin.qq.com/s?__biz=MzI0ODE5NDU5Mw==&mid=2649548811&idx=1&sn=15c4789c8861fdfaef5e310d51354e46&chksm=f1bc3b45c6cbb253c54512f238a8ae0d02bf942a814db02c088906d506fc4ec81383e35bff9f&scene=21#wechat_redirect
17,后知识分享时代,2017-10-11,http://mp.weixin.qq.com/s?__biz=MzI0ODE5NDU5Mw==&mid=2649548803&idx=1&sn=efcb61c3f92068d5c93f97f0f9f4a846&chksm=f1bc3b4dc6cbb25bd6225851cc45bb080d64e62fcf2b6929b81fd88937108de1d419f1b2bc6e&scene=21#wechat_redirect
16,明治维新后的日本,2017-08-31,http://mp.weixin.qq.com/s?__biz=MzI0ODE5NDU5Mw==&mid=2649548799&idx=1&sn=d1b20d7e4a03ee282d5a13105aac2dc2&chksm=f1bc34b1c6cbbda70e97b92d2a3ba42f596d8c59d02ff366c5318befea25ec4af127e03fbe21&scene=21#wechat_redirect
15,是时候，跟互联网的一部分说再见了,2017-08-29,http://mp.weixin.qq.com/s?__biz=MzI0ODE5NDU5Mw==&mid=2649548793&idx=1&sn=3d4551caa84e0a43b740fcdead540764&chksm=f1bc34b7c6cbbda1c84fc22114e1346740e3ae5aeabb4ba801412669f2994d83ccc0b3bf9a0a&scene=21#wechat_redirect
14,你不了解的印度,2017-08-08,http://mp.weixin.qq.com/s?__biz=MzI0ODE5NDU5Mw==&mid=2649548789&idx=1&sn=3f969dbc15239da7ed76fc8a92c6f4e6&chksm=f1bc34bbc6cbbdad8ff5d239eaf64cbb6bb626799595f1f617085fd427ba9f2acb4bcf5ac768&scene=21#wechat_redirect
13,金融资本主义（1850-1931年）,2017-06-30,http://mp.weixin.qq.com/s?__biz=MzI0ODE5NDU5Mw==&mid=2649548786&idx=1&sn=538a41a6dde784810ad2489a4a868bdf&chksm=f1bc34bcc6cbbdaaf43f3da53198b3cc3bb9a3f037f9ebc153125748422f20be88a8c148a4ba&scene=21#wechat_redirect
12,文明的乱序,2017-05-27,http://mp.weixin.qq.com/s?__biz=MzI0ODE5NDU5Mw==&mid=2649548783&idx=1&sn=e8444465aeccbbfc86cec7e3650f0f88&chksm=f1bc34a1c6cbbdb71757f069ff44f092c2a188e991b9962de8a380a8b8d175f6012bb50829fa&scene=21#wechat_redirect
11,岁月静好,2017-04-09,http://mp.weixin.qq.com/s?__biz=MzI0ODE5NDU5Mw==&mid=2649548773&idx=1&sn=8d3f04c6454baca9453f415f728040e3&chksm=f1bc34abc6cbbdbd3c483cf6632a29d08c4a300a1077fdc9be2e2542f4c3e0b2d5565576a193&scene=21#wechat_redirect
10,拐点来临之前——中国地产经济的内生性矛盾,2017-03-20,http://mp.weixin.qq.com/s?__biz=MzI0ODE5NDU5Mw==&mid=2649548770&idx=1&sn=831f3614edf4feb54a4e614b36836743&chksm=f1bc34acc6cbbdba8670a716c5ee5b9d1fb8b7d5c6566509340a6eef2bca5d5945a6a8ab8e66&scene=21#wechat_redirect
9,阶层固化与迁徙自由，兼谈近期政策——关于房价的思考之三,2017-03-17,http://mp.weixin.qq.com/s?__biz=MzI0ODE5NDU5Mw==&mid=2649548767&idx=1&sn=f45dfb14b126b22592d539778d128c89&chksm=f1bc3491c6cbbd872cd6d739fe8e8b38ec49d86a4d0cbdafb77293202f5ed3641c82ddc83bb7&scene=21#wechat_redirect
8,西城老破小与教育公平化 ——关于房价的思考之二,2017-03-16,http://mp.weixin.qq.com/s?__biz=MzI0ODE5NDU5Mw==&mid=2649548764&idx=1&sn=4185b150bbb97166a80a99bd565b9976&chksm=f1bc3492c6cbbd84456a89f3f45a5d82ef7a726315dc961b4e5444c1f5e457195e37745bec44&scene=21#wechat_redirect
7,关于房价的思考之一,2017-03-15,http://mp.weixin.qq.com/s?__biz=MzI0ODE5NDU5Mw==&mid=2649548761&idx=1&sn=b35d7b689a2232e81a623b9004f005f1&chksm=f1bc3497c6cbbd81748b0fff7e4a92916837b298df1cb7ef6eb11c57aa33d504bcf8b05bf1a5&scene=21#wechat_redirect
6,百年前的美国,2016-11-11,http://mp.weixin.qq.com/s?__biz=MzI0ODE5NDU5Mw==&mid=2649548752&idx=1&sn=bb49d9b8d45ca72320ed42dfc7af47c5&chksm=f1bc349ec6cbbd8861094457b333c028eac5ce4b36591b39b646af43e3ac3cfc8f5a9d764d8b&scene=21#wechat_redirect
5,纸面财富终将去，一地鸡毛谁人收,2016-09-26,http://mp.weixin.qq.com/s?__biz=MzI0ODE5NDU5Mw==&mid=2649548732&idx=1&sn=a921b25b106857bc9a13b4dee4950747&chksm=f1bc34f2c6cbbde40fa4e4f6e6de5754cb3e79d5005a6d6fd5399a497b38de5bbeb70a00945c&scene=21#wechat_redirect
4,房价，真会永远涨吗,2016-08-22,http://mp.weixin.qq.com/s?__biz=MzI0ODE5NDU5Mw==&mid=2649548729&idx=1&sn=c75ced7b8d62a30b9d4d8c12ed5747c4&chksm=f1bc34f7c6cbbde1c8d83f9f696c823e63ec28faa72ab11a137e37d65f75a24cb6f480acf6c0&scene=21#wechat_redirect
3,南海、石油、汇率与房价,2016-07-12,http://mp.weixin.qq.com/s?__biz=MzI0ODE5NDU5Mw==&mid=2649548722&idx=1&sn=9286bb0c8f9c87db235ad92bbd99d956&chksm=f1bc34fcc6cbbdea57fc58ecae7a5b906ed1f7b597aa4c91d9ed58f909094b039c77a4b28f05&scene=21#wechat_redirect
2,人与地,2016-06-05,http://mp.weixin.qq.com/s?__biz=MzI0ODE5NDU5Mw==&mid=2649548714&idx=1&sn=7fd264203b51c572be47b961e94c96af&chksm=f1bc34e4c6cbbdf24f926a60c993826fcd3b1b40a45b9e12d75efb0736642e1283f05410c557&scene=21#wechat_redirect
1,技术革命与农民工,2016-04-14,http://mp.weixin.qq.com/s?__biz=MzI0ODE5NDU5Mw==&mid=402065063&idx=1&sn=d36ccdba2531f0b42fa0afc657a87484&chksm=7ba7d5e94cd05cfff437927a5405e02eeb1057858b672c965e314cb5d8187355ba3d05b23999&scene=21#wechat_redirect
